time,member,sales,delta
2026-06-30T23:00:15+08:00,[Photo Event] USPEER - 1,0,
2026-06-30T23:00:15+08:00,OffLine,32,
2026-06-30T23:00:15+08:00,VideoCall·Random Ver.,14,
2026-06-30T23:00:26+08:00,[Photo Event] USPEER - 1,0,0
2026-06-30T23:00:26+08:00,OffLine,32,0
2026-06-30T23:00:26+08:00,VideoCall·Random Ver.,14,0
2026-06-30T23:00:37+08:00,[Photo Event] USPEER - 1,0,0
2026-06-30T23:00:37+08:00,OffLine,32,0
2026-06-30T23:00:37+08:00,VideoCall·Random Ver.,14,0
2026-06-30T23:00:48+08:00,[Photo Event] USPEER - 1,0,0
2026-06-30T23:00:48+08:00,OffLine,32,0
2026-06-30T23:00:48+08:00,VideoCall·Random Ver.,14,0
2026-06-30T23:00:59+08:00,[Photo Event] USPEER - 1,0,0
2026-06-30T23:00:59+08:00,OffLine,32,0
2026-06-30T23:00:59+08:00,VideoCall·Random Ver.,14,0
2026-06-30T23:01:10+08:00,[Photo Event] USPEER - 1,0,0
2026-06-30T23:01:10+08:00,OffLine,32,0
2026-06-30T23:01:10+08:00,VideoCall·Random Ver.,14,0
2026-06-30T23:01:33+08:00,[Photo Event] USPEER - 1,0,0
2026-06-30T23:01:33+08:00,OffLine,32,0
2026-06-30T23:01:33+08:00,VideoCall·Random Ver.,14,0
2026-06-30T23:01:45+08:00,[Photo Event] USPEER - 1,0,0
2026-06-30T23:01:45+08:00,OffLine,32,0
2026-06-30T23:01:45+08:00,VideoCall·Random Ver.,14,0
2026-06-30T23:01:56+08:00,[Photo Event] USPEER - 1,0,0
2026-06-30T23:01:56+08:00,OffLine,32,0
2026-06-30T23:01:56+08:00,VideoCall·Random Ver.,14,0
2026-06-30T23:02:07+08:00,[Photo Event] USPEER - 1,0,0
2026-06-30T23:02:07+08:00,OffLine,32,0
2026-06-30T23:02:07+08:00,VideoCall·Random Ver.,14,0
2026-06-30T23:02:18+08:00,[Photo Event] USPEER - 1,0,0
2026-06-30T23:02:18+08:00,OffLine,32,0
2026-06-30T23:02:18+08:00,VideoCall·Random Ver.,14,0
2026-06-30T23:02:29+08:00,[Photo Event] USPEER - 1,0,0
2026-06-30T23:02:29+08:00,OffLine,32,0
2026-06-30T23:02:29+08:00,VideoCall·Random Ver.,14,0
2026-06-30T23:02:54+08:00,[Photo Event] USPEER - 1,0,0
2026-06-30T23:02:54+08:00,OffLine,32,0
2026-06-30T23:02:54+08:00,VideoCall·Random Ver.,14,0
2026-06-30T23:03:05+08:00,[Photo Event] USPEER - 1,0,0
2026-06-30T23:03:05+08:00,OffLine,32,0
2026-06-30T23:03:05+08:00,VideoCall·Random Ver.,14,0
2026-06-30T23:03:15+08:00,[Photo Event] USPEER - 1,0,0
2026-06-30T23:03:15+08:00,OffLine,32,0
2026-06-30T23:03:15+08:00,VideoCall·Random Ver.,14,0
2026-06-30T23:03:27+08:00,[Photo Event] USPEER - 1,0,0
2026-06-30T23:03:27+08:00,OffLine,32,0
2026-06-30T23:03:27+08:00,VideoCall·Random Ver.,14,0
2026-06-30T23:03:37+08:00,[Photo Event] USPEER - 1,0,0
2026-06-30T23:03:37+08:00,OffLine,32,0
2026-06-30T23:03:37+08:00,VideoCall·Random Ver.,14,0
2026-06-30T23:03:48+08:00,[Photo Event] USPEER - 1,0,0
2026-06-30T23:03:48+08:00,OffLine,32,0
2026-06-30T23:03:48+08:00,VideoCall·Random Ver.,14,0
2026-06-30T23:04:12+08:00,[Photo Event] USPEER - 1,0,0
2026-06-30T23:04:12+08:00,OffLine,32,0
2026-06-30T23:04:12+08:00,VideoCall·Random Ver.,14,0
2026-06-30T23:04:23+08:00,[Photo Event] USPEER - 1,0,0
2026-06-30T23:04:23+08:00,OffLine,32,0
2026-06-30T23:04:23+08:00,VideoCall·Random Ver.,14,0
2026-06-30T23:04:34+08:00,[Photo Event] USPEER - 1,0,0
2026-06-30T23:04:34+08:00,OffLine,32,0
2026-06-30T23:04:34+08:00,VideoCall·Random Ver.,14,0
2026-06-30T23:04:46+08:00,[Photo Event] USPEER - 1,0,0
2026-06-30T23:04:46+08:00,OffLine,32,0
2026-06-30T23:04:46+08:00,VideoCall·Random Ver.,14,0
2026-06-30T23:04:57+08:00,[Photo Event] USPEER - 1,0,0
2026-06-30T23:04:57+08:00,OffLine,32,0
2026-06-30T23:04:57+08:00,VideoCall·Random Ver.,14,0
2026-06-30T23:05:07+08:00,[Photo Event] USPEER - 1,0,0
2026-06-30T23:05:07+08:00,OffLine,32,0
2026-06-30T23:05:07+08:00,VideoCall·Random Ver.,14,0
2026-06-30T23:05:30+08:00,[Photo Event] USPEER - 1,0,0
2026-06-30T23:05:30+08:00,OffLine,32,0
2026-06-30T23:05:30+08:00,VideoCall·Random Ver.,14,0
2026-06-30T23:05:41+08:00,[Photo Event] USPEER - 1,0,0
2026-06-30T23:05:41+08:00,OffLine,32,0
2026-06-30T23:05:41+08:00,VideoCall·Random Ver.,14,0
2026-06-30T23:05:53+08:00,[Photo Event] USPEER - 1,0,0
2026-06-30T23:05:53+08:00,OffLine,32,0
2026-06-30T23:05:53+08:00,VideoCall·Random Ver.,14,0
2026-06-30T23:06:03+08:00,[Photo Event] USPEER - 1,0,0
2026-06-30T23:06:03+08:00,OffLine,32,0
2026-06-30T23:06:03+08:00,VideoCall·Random Ver.,14,0
2026-06-30T23:06:14+08:00,[Photo Event] USPEER - 1,0,0
2026-06-30T23:06:14+08:00,OffLine,32,0
2026-06-30T23:06:14+08:00,VideoCall·Random Ver.,14,0
2026-06-30T23:06:25+08:00,[Photo Event] USPEER - 1,0,0
2026-06-30T23:06:25+08:00,OffLine,32,0
2026-06-30T23:06:25+08:00,VideoCall·Random Ver.,14,0
2026-06-30T23:06:49+08:00,[Photo Event] USPEER - 1,0,0
2026-06-30T23:06:49+08:00,OffLine,32,0
2026-06-30T23:06:49+08:00,VideoCall·Random Ver.,14,0
2026-06-30T23:07:00+08:00,[Photo Event] USPEER - 1,0,0
2026-06-30T23:07:00+08:00,OffLine,32,0
2026-06-30T23:07:00+08:00,VideoCall·Random Ver.,14,0
2026-06-30T23:07:11+08:00,[Photo Event] USPEER - 1,0,0
2026-06-30T23:07:11+08:00,OffLine,32,0
2026-06-30T23:07:11+08:00,VideoCall·Random Ver.,14,0
2026-06-30T23:07:22+08:00,[Photo Event] USPEER - 1,0,0
2026-06-30T23:07:22+08:00,OffLine,32,0
2026-06-30T23:07:22+08:00,VideoCall·Random Ver.,14,0
2026-06-30T23:07:33+08:00,[Photo Event] USPEER - 1,0,0
2026-06-30T23:07:33+08:00,OffLine,32,0
2026-06-30T23:07:33+08:00,VideoCall·Random Ver.,14,0
2026-06-30T23:07:43+08:00,[Photo Event] USPEER - 1,0,0
2026-06-30T23:07:43+08:00,OffLine,32,0
2026-06-30T23:07:43+08:00,VideoCall·Random Ver.,14,0
2026-06-30T23:08:06+08:00,[Photo Event] USPEER - 1,0,0
2026-06-30T23:08:06+08:00,OffLine,32,0
2026-06-30T23:08:06+08:00,VideoCall·Random Ver.,14,0
2026-06-30T23:08:17+08:00,[Photo Event] USPEER - 1,0,0
2026-06-30T23:08:17+08:00,OffLine,32,0
2026-06-30T23:08:17+08:00,VideoCall·Random Ver.,14,0
2026-06-30T23:08:28+08:00,[Photo Event] USPEER - 1,0,0
2026-06-30T23:08:28+08:00,OffLine,32,0
2026-06-30T23:08:28+08:00,VideoCall·Random Ver.,14,0
2026-06-30T23:08:39+08:00,[Photo Event] USPEER - 1,0,0
2026-06-30T23:08:39+08:00,OffLine,32,0
2026-06-30T23:08:39+08:00,VideoCall·Random Ver.,14,0
2026-06-30T23:08:50+08:00,[Photo Event] USPEER - 1,0,0
2026-06-30T23:08:50+08:00,OffLine,32,0
2026-06-30T23:08:50+08:00,VideoCall·Random Ver.,14,0
2026-06-30T23:09:01+08:00,[Photo Event] USPEER - 1,0,0
2026-06-30T23:09:01+08:00,OffLine,32,0
2026-06-30T23:09:01+08:00,VideoCall·Random Ver.,14,0
2026-06-30T23:09:24+08:00,[Photo Event] USPEER - 1,0,0
2026-06-30T23:09:24+08:00,OffLine,32,0
2026-06-30T23:09:24+08:00,VideoCall·Random Ver.,14,0
2026-06-30T23:09:35+08:00,[Photo Event] USPEER - 1,0,0
2026-06-30T23:09:35+08:00,OffLine,32,0
2026-06-30T23:09:35+08:00,VideoCall·Random Ver.,14,0
2026-06-30T23:09:46+08:00,[Photo Event] USPEER - 1,0,0
2026-06-30T23:09:46+08:00,OffLine,32,0
2026-06-30T23:09:46+08:00,VideoCall·Random Ver.,14,0
2026-06-30T23:09:57+08:00,[Photo Event] USPEER - 1,0,0
2026-06-30T23:09:57+08:00,OffLine,32,0
2026-06-30T23:09:57+08:00,VideoCall·Random Ver.,14,0
2026-06-30T23:10:08+08:00,[Photo Event] USPEER - 1,0,0
2026-06-30T23:10:08+08:00,OffLine,32,0
2026-06-30T23:10:08+08:00,VideoCall·Random Ver.,14,0
2026-06-30T23:10:18+08:00,[Photo Event] USPEER - 1,0,0
2026-06-30T23:10:18+08:00,OffLine,32,0
2026-06-30T23:10:18+08:00,VideoCall·Random Ver.,14,0
2026-06-30T23:10:41+08:00,[Photo Event] USPEER - 1,0,0
2026-06-30T23:10:41+08:00,OffLine,32,0
2026-06-30T23:10:41+08:00,VideoCall·Random Ver.,14,0
2026-06-30T23:10:52+08:00,[Photo Event] USPEER - 1,0,0
2026-06-30T23:10:52+08:00,OffLine,32,0
2026-06-30T23:10:52+08:00,VideoCall·Random Ver.,14,0
2026-06-30T23:11:03+08:00,[Photo Event] USPEER - 1,0,0
2026-06-30T23:11:03+08:00,OffLine,32,0
2026-06-30T23:11:03+08:00,VideoCall·Random Ver.,14,0
2026-06-30T23:11:14+08:00,[Photo Event] USPEER - 1,0,0
2026-06-30T23:11:14+08:00,OffLine,32,0
2026-06-30T23:11:14+08:00,VideoCall·Random Ver.,14,0
2026-06-30T23:11:25+08:00,[Photo Event] USPEER - 1,0,0
2026-06-30T23:11:25+08:00,OffLine,32,0
2026-06-30T23:11:25+08:00,VideoCall·Random Ver.,14,0
2026-06-30T23:11:36+08:00,[Photo Event] USPEER - 1,0,0
2026-06-30T23:11:36+08:00,OffLine,32,0
2026-06-30T23:11:36+08:00,VideoCall·Random Ver.,14,0
2026-06-30T23:11:58+08:00,[Photo Event] USPEER - 1,0,0
2026-06-30T23:11:58+08:00,OffLine,32,0
2026-06-30T23:11:58+08:00,VideoCall·Random Ver.,14,0
2026-06-30T23:12:09+08:00,[Photo Event] USPEER - 1,0,0
2026-06-30T23:12:09+08:00,OffLine,32,0
2026-06-30T23:12:09+08:00,VideoCall·Random Ver.,14,0
2026-06-30T23:12:20+08:00,[Photo Event] USPEER - 1,0,0
2026-06-30T23:12:20+08:00,OffLine,32,0
2026-06-30T23:12:20+08:00,VideoCall·Random Ver.,14,0
2026-06-30T23:12:31+08:00,[Photo Event] USPEER - 1,0,0
2026-06-30T23:12:31+08:00,OffLine,32,0
2026-06-30T23:12:31+08:00,VideoCall·Random Ver.,14,0
2026-06-30T23:12:42+08:00,[Photo Event] USPEER - 1,0,0
2026-06-30T23:12:42+08:00,OffLine,32,0
2026-06-30T23:12:42+08:00,VideoCall·Random Ver.,14,0
2026-06-30T23:12:53+08:00,[Photo Event] USPEER - 1,0,0
2026-06-30T23:12:53+08:00,OffLine,32,0
2026-06-30T23:12:53+08:00,VideoCall·Random Ver.,14,0
2026-07-01T00:03:49+08:00,[Photo Event] USPEER - 1,0,0
2026-07-01T00:03:49+08:00,OffLine,32,0
2026-07-01T00:03:49+08:00,VideoCall·Random Ver.,14,0
2026-07-01T00:04:01+08:00,[Photo Event] USPEER - 1,0,0
2026-07-01T00:04:01+08:00,OffLine,32,0
2026-07-01T00:04:01+08:00,VideoCall·Random Ver.,14,0
2026-07-01T00:04:11+08:00,[Photo Event] USPEER - 1,0,0
2026-07-01T00:04:11+08:00,OffLine,32,0
2026-07-01T00:04:11+08:00,VideoCall·Random Ver.,14,0
2026-07-01T00:04:22+08:00,[Photo Event] USPEER - 1,0,0
2026-07-01T00:04:22+08:00,OffLine,32,0
2026-07-01T00:04:22+08:00,VideoCall·Random Ver.,14,0
2026-07-01T00:04:33+08:00,[Photo Event] USPEER - 1,0,0
2026-07-01T00:04:33+08:00,OffLine,32,0
2026-07-01T00:04:33+08:00,VideoCall·Random Ver.,14,0
2026-07-01T00:04:44+08:00,[Photo Event] USPEER - 1,0,0
2026-07-01T00:04:44+08:00,OffLine,32,0
2026-07-01T00:04:44+08:00,VideoCall·Random Ver.,14,0
2026-07-01T00:04:55+08:00,[Photo Event] USPEER - 1,0,0
2026-07-01T00:04:55+08:00,OffLine,32,0
2026-07-01T00:04:55+08:00,VideoCall·Random Ver.,14,0
2026-07-01T00:06:16+08:00,[Photo Event] USPEER - 1,0,0
2026-07-01T00:06:16+08:00,OffLine,32,0
2026-07-01T00:06:16+08:00,VideoCall·Random Ver.,14,0
2026-07-01T00:06:28+08:00,[Photo Event] USPEER - 1,0,0
2026-07-01T00:06:28+08:00,OffLine,32,0
2026-07-01T00:06:28+08:00,VideoCall·Random Ver.,14,0
2026-07-01T00:06:39+08:00,[Photo Event] USPEER - 1,0,0
2026-07-01T00:06:39+08:00,OffLine,32,0
2026-07-01T00:06:39+08:00,VideoCall·Random Ver.,14,0
2026-07-01T00:06:51+08:00,[Photo Event] USPEER - 1,0,0
2026-07-01T00:06:51+08:00,OffLine,32,0
2026-07-01T00:06:51+08:00,VideoCall·Random Ver.,14,0
2026-07-01T00:07:02+08:00,[Photo Event] USPEER - 1,0,0
2026-07-01T00:07:02+08:00,OffLine,32,0
2026-07-01T00:07:02+08:00,VideoCall·Random Ver.,14,0
2026-07-01T00:07:13+08:00,[Photo Event] USPEER - 1,0,0
2026-07-01T00:07:13+08:00,OffLine,32,0
2026-07-01T00:07:13+08:00,VideoCall·Random Ver.,14,0
2026-07-01T00:07:24+08:00,[Photo Event] USPEER - 1,0,0
2026-07-01T00:07:24+08:00,OffLine,32,0
2026-07-01T00:07:24+08:00,VideoCall·Random Ver.,14,0
2026-07-01T00:09:00+08:00,[Photo Event] USPEER - 1,0,0
2026-07-01T00:09:00+08:00,OffLine,32,0
2026-07-01T00:09:00+08:00,VideoCall·Random Ver.,14,0
2026-07-01T00:09:11+08:00,[Photo Event] USPEER - 1,0,0
2026-07-01T00:09:11+08:00,OffLine,32,0
2026-07-01T00:09:11+08:00,VideoCall·Random Ver.,14,0
2026-07-01T00:09:22+08:00,[Photo Event] USPEER - 1,0,0
2026-07-01T00:09:22+08:00,OffLine,32,0
2026-07-01T00:09:22+08:00,VideoCall·Random Ver.,14,0
2026-07-01T00:09:32+08:00,[Photo Event] USPEER - 1,0,0
2026-07-01T00:09:32+08:00,OffLine,32,0
2026-07-01T00:09:32+08:00,VideoCall·Random Ver.,14,0
2026-07-01T00:09:43+08:00,[Photo Event] USPEER - 1,0,0
2026-07-01T00:09:43+08:00,OffLine,32,0
2026-07-01T00:09:43+08:00,VideoCall·Random Ver.,14,0
2026-07-01T00:09:54+08:00,[Photo Event] USPEER - 1,0,0
2026-07-01T00:09:54+08:00,OffLine,32,0
2026-07-01T00:09:54+08:00,VideoCall·Random Ver.,14,0
2026-07-01T00:10:04+08:00,[Photo Event] USPEER - 1,0,0
2026-07-01T00:10:04+08:00,OffLine,32,0
2026-07-01T00:10:04+08:00,VideoCall·Random Ver.,14,0
2026-07-01T00:10:24+08:00,[Photo Event] USPEER - 1,0,0
2026-07-01T00:10:24+08:00,OffLine,32,0
2026-07-01T00:10:24+08:00,VideoCall·Random Ver.,14,0
2026-07-01T00:10:35+08:00,[Photo Event] USPEER - 1,0,0
2026-07-01T00:10:35+08:00,OffLine,32,0
2026-07-01T00:10:35+08:00,VideoCall·Random Ver.,14,0
2026-07-01T00:10:46+08:00,[Photo Event] USPEER - 1,0,0
2026-07-01T00:10:46+08:00,OffLine,32,0
2026-07-01T00:10:46+08:00,VideoCall·Random Ver.,14,0
2026-07-01T00:10:56+08:00,[Photo Event] USPEER - 1,0,0
2026-07-01T00:10:56+08:00,OffLine,32,0
2026-07-01T00:10:56+08:00,VideoCall·Random Ver.,14,0
2026-07-01T00:11:07+08:00,[Photo Event] USPEER - 1,0,0
2026-07-01T00:11:07+08:00,OffLine,32,0
2026-07-01T00:11:07+08:00,VideoCall·Random Ver.,14,0
2026-07-01T00:11:18+08:00,[Photo Event] USPEER - 1,0,0
2026-07-01T00:11:18+08:00,OffLine,32,0
2026-07-01T00:11:18+08:00,VideoCall·Random Ver.,14,0
2026-07-01T00:11:39+08:00,[Photo Event] USPEER - 1,0,0
2026-07-01T00:11:39+08:00,OffLine,32,0
2026-07-01T00:11:39+08:00,VideoCall·Random Ver.,14,0
2026-07-01T00:11:50+08:00,[Photo Event] USPEER - 1,0,0
2026-07-01T00:11:50+08:00,OffLine,32,0
2026-07-01T00:11:50+08:00,VideoCall·Random Ver.,14,0
2026-07-01T00:12:00+08:00,[Photo Event] USPEER - 1,0,0
2026-07-01T00:12:00+08:00,OffLine,32,0
2026-07-01T00:12:00+08:00,VideoCall·Random Ver.,14,0
2026-07-01T00:12:11+08:00,[Photo Event] USPEER - 1,0,0
2026-07-01T00:12:11+08:00,OffLine,32,0
2026-07-01T00:12:11+08:00,VideoCall·Random Ver.,14,0
2026-07-01T00:12:21+08:00,[Photo Event] USPEER - 1,0,0
2026-07-01T00:12:21+08:00,OffLine,32,0
2026-07-01T00:12:21+08:00,VideoCall·Random Ver.,14,0
2026-07-01T00:12:32+08:00,[Photo Event] USPEER - 1,0,0
2026-07-01T00:12:32+08:00,OffLine,32,0
2026-07-01T00:12:32+08:00,VideoCall·Random Ver.,14,0
2026-07-01T00:12:52+08:00,[Photo Event] USPEER - 1,0,0
2026-07-01T00:12:52+08:00,OffLine,32,0
2026-07-01T00:12:52+08:00,VideoCall·Random Ver.,14,0
2026-07-01T00:13:02+08:00,[Photo Event] USPEER - 1,0,0
2026-07-01T00:13:02+08:00,OffLine,32,0
2026-07-01T00:13:02+08:00,VideoCall·Random Ver.,14,0
2026-07-01T00:13:13+08:00,[Photo Event] USPEER - 1,0,0
2026-07-01T00:13:13+08:00,OffLine,32,0
2026-07-01T00:13:13+08:00,VideoCall·Random Ver.,14,0
2026-07-01T00:13:24+08:00,[Photo Event] USPEER - 1,0,0
2026-07-01T00:13:24+08:00,OffLine,32,0
2026-07-01T00:13:24+08:00,VideoCall·Random Ver.,14,0
2026-07-01T00:13:34+08:00,[Photo Event] USPEER - 1,0,0
2026-07-01T00:13:34+08:00,OffLine,32,0
2026-07-01T00:13:34+08:00,VideoCall·Random Ver.,14,0
2026-07-01T00:13:45+08:00,[Photo Event] USPEER - 1,0,0
2026-07-01T00:13:45+08:00,OffLine,32,0
2026-07-01T00:13:45+08:00,VideoCall·Random Ver.,14,0
2026-07-01T00:14:07+08:00,[Photo Event] USPEER - 1,0,0
2026-07-01T00:14:07+08:00,OffLine,32,0
2026-07-01T00:14:07+08:00,VideoCall·Random Ver.,14,0
2026-07-01T00:14:18+08:00,[Photo Event] USPEER - 1,0,0
2026-07-01T00:14:18+08:00,OffLine,32,0
2026-07-01T00:14:18+08:00,VideoCall·Random Ver.,14,0
2026-07-01T00:14:29+08:00,[Photo Event] USPEER - 1,0,0
2026-07-01T00:14:29+08:00,OffLine,32,0
2026-07-01T00:14:29+08:00,VideoCall·Random Ver.,14,0
2026-07-01T00:14:39+08:00,[Photo Event] USPEER - 1,0,0
2026-07-01T00:14:39+08:00,OffLine,32,0
2026-07-01T00:14:39+08:00,VideoCall·Random Ver.,14,0
2026-07-01T00:14:50+08:00,[Photo Event] USPEER - 1,0,0
2026-07-01T00:14:50+08:00,OffLine,32,0
2026-07-01T00:14:50+08:00,VideoCall·Random Ver.,14,0
2026-07-01T00:15:00+08:00,[Photo Event] USPEER - 1,0,0
2026-07-01T00:15:00+08:00,OffLine,32,0
2026-07-01T00:15:00+08:00,VideoCall·Random Ver.,14,0
2026-07-01T00:15:24+08:00,[Photo Event] USPEER - 1,0,0
2026-07-01T00:15:24+08:00,OffLine,32,0
2026-07-01T00:15:24+08:00,VideoCall·Random Ver.,14,0
2026-07-01T00:15:35+08:00,[Photo Event] USPEER - 1,0,0
2026-07-01T00:15:35+08:00,OffLine,32,0
2026-07-01T00:15:35+08:00,VideoCall·Random Ver.,14,0
2026-07-01T00:15:45+08:00,[Photo Event] USPEER - 1,0,0
2026-07-01T00:15:45+08:00,OffLine,32,0
2026-07-01T00:15:45+08:00,VideoCall·Random Ver.,14,0
2026-07-01T00:15:56+08:00,[Photo Event] USPEER - 1,0,0
2026-07-01T00:15:56+08:00,OffLine,32,0
2026-07-01T00:15:56+08:00,VideoCall·Random Ver.,14,0
2026-07-01T00:16:06+08:00,[Photo Event] USPEER - 1,0,0
2026-07-01T00:16:06+08:00,OffLine,32,0
2026-07-01T00:16:06+08:00,VideoCall·Random Ver.,14,0
2026-07-01T00:16:17+08:00,[Photo Event] USPEER - 1,0,0
2026-07-01T00:16:17+08:00,OffLine,32,0
2026-07-01T00:16:17+08:00,VideoCall·Random Ver.,14,0
2026-07-01T00:16:38+08:00,[Photo Event] USPEER - 1,0,0
2026-07-01T00:16:38+08:00,OffLine,32,0
2026-07-01T00:16:38+08:00,VideoCall·Random Ver.,14,0
2026-07-01T00:16:48+08:00,[Photo Event] USPEER - 1,0,0
2026-07-01T00:16:48+08:00,OffLine,32,0
2026-07-01T00:16:48+08:00,VideoCall·Random Ver.,14,0
2026-07-01T00:16:59+08:00,[Photo Event] USPEER - 1,0,0
2026-07-01T00:16:59+08:00,OffLine,32,0
2026-07-01T00:16:59+08:00,VideoCall·Random Ver.,14,0
2026-07-01T00:17:09+08:00,[Photo Event] USPEER - 1,0,0
2026-07-01T00:17:09+08:00,OffLine,32,0
2026-07-01T00:17:09+08:00,VideoCall·Random Ver.,14,0
2026-07-01T00:17:20+08:00,[Photo Event] USPEER - 1,0,0
2026-07-01T00:17:20+08:00,OffLine,32,0
2026-07-01T00:17:20+08:00,VideoCall·Random Ver.,14,0
2026-07-01T00:17:30+08:00,[Photo Event] USPEER - 1,0,0
2026-07-01T00:17:30+08:00,OffLine,32,0
2026-07-01T00:17:30+08:00,VideoCall·Random Ver.,14,0
2026-07-01T00:17:51+08:00,[Photo Event] USPEER - 1,0,0
2026-07-01T00:17:51+08:00,OffLine,32,0
2026-07-01T00:17:51+08:00,VideoCall·Random Ver.,14,0
2026-07-01T00:18:02+08:00,[Photo Event] USPEER - 1,0,0
2026-07-01T00:18:02+08:00,OffLine,32,0
2026-07-01T00:18:02+08:00,VideoCall·Random Ver.,14,0
2026-07-01T00:18:13+08:00,[Photo Event] USPEER - 1,0,0
2026-07-01T00:18:13+08:00,OffLine,32,0
2026-07-01T00:18:13+08:00,VideoCall·Random Ver.,14,0
2026-07-01T00:18:23+08:00,[Photo Event] USPEER - 1,0,0
2026-07-01T00:18:23+08:00,OffLine,32,0
2026-07-01T00:18:23+08:00,VideoCall·Random Ver.,14,0
2026-07-01T00:18:34+08:00,[Photo Event] USPEER - 1,0,0
2026-07-01T00:18:34+08:00,OffLine,32,0
2026-07-01T00:18:34+08:00,VideoCall·Random Ver.,14,0
2026-07-01T00:18:45+08:00,[Photo Event] USPEER - 1,0,0
2026-07-01T00:18:45+08:00,OffLine,32,0
2026-07-01T00:18:45+08:00,VideoCall·Random Ver.,14,0
2026-07-01T00:19:05+08:00,[Photo Event] USPEER - 1,0,0
2026-07-01T00:19:05+08:00,OffLine,32,0
2026-07-01T00:19:05+08:00,VideoCall·Random Ver.,14,0
2026-07-01T00:19:16+08:00,[Photo Event] USPEER - 1,0,0
2026-07-01T00:19:16+08:00,OffLine,32,0
2026-07-01T00:19:16+08:00,VideoCall·Random Ver.,14,0
2026-07-01T00:19:27+08:00,[Photo Event] USPEER - 1,0,0
2026-07-01T00:19:27+08:00,OffLine,32,0
2026-07-01T00:19:27+08:00,VideoCall·Random Ver.,14,0
2026-07-01T00:19:37+08:00,[Photo Event] USPEER - 1,0,0
2026-07-01T00:19:37+08:00,OffLine,32,0
2026-07-01T00:19:37+08:00,VideoCall·Random Ver.,14,0
2026-07-01T00:19:48+08:00,[Photo Event] USPEER - 1,0,0
2026-07-01T00:19:48+08:00,OffLine,32,0
2026-07-01T00:19:48+08:00,VideoCall·Random Ver.,14,0
2026-07-01T00:19:58+08:00,[Photo Event] USPEER - 1,0,0
2026-07-01T00:19:58+08:00,OffLine,32,0
2026-07-01T00:19:58+08:00,VideoCall·Random Ver.,14,0
2026-07-01T00:20:19+08:00,[Photo Event] USPEER - 1,0,0
2026-07-01T00:20:19+08:00,OffLine,32,0
2026-07-01T00:20:19+08:00,VideoCall·Random Ver.,14,0
2026-07-01T00:20:29+08:00,[Photo Event] USPEER - 1,0,0
2026-07-01T00:20:29+08:00,OffLine,32,0
2026-07-01T00:20:29+08:00,VideoCall·Random Ver.,14,0
2026-07-01T00:20:40+08:00,[Photo Event] USPEER - 1,0,0
2026-07-01T00:20:40+08:00,OffLine,32,0
2026-07-01T00:20:40+08:00,VideoCall·Random Ver.,14,0
2026-07-01T00:20:51+08:00,[Photo Event] USPEER - 1,0,0
2026-07-01T00:20:51+08:00,OffLine,32,0
2026-07-01T00:20:51+08:00,VideoCall·Random Ver.,14,0
2026-07-01T00:21:01+08:00,[Photo Event] USPEER - 1,0,0
2026-07-01T00:21:01+08:00,OffLine,32,0
2026-07-01T00:21:01+08:00,VideoCall·Random Ver.,14,0
2026-07-01T00:21:12+08:00,[Photo Event] USPEER - 1,0,0
2026-07-01T00:21:12+08:00,OffLine,32,0
2026-07-01T00:21:12+08:00,VideoCall·Random Ver.,14,0
2026-07-01T00:21:33+08:00,[Photo Event] USPEER - 1,0,0
2026-07-01T00:21:33+08:00,OffLine,32,0
2026-07-01T00:21:33+08:00,VideoCall·Random Ver.,14,0
2026-07-01T00:21:44+08:00,[Photo Event] USPEER - 1,0,0
2026-07-01T00:21:44+08:00,OffLine,32,0
2026-07-01T00:21:44+08:00,VideoCall·Random Ver.,14,0
2026-07-01T00:21:55+08:00,[Photo Event] USPEER - 1,0,0
2026-07-01T00:21:55+08:00,OffLine,32,0
2026-07-01T00:21:55+08:00,VideoCall·Random Ver.,14,0
2026-07-01T00:22:06+08:00,[Photo Event] USPEER - 1,0,0
2026-07-01T00:22:06+08:00,OffLine,32,0
2026-07-01T00:22:06+08:00,VideoCall·Random Ver.,14,0
2026-07-01T00:22:16+08:00,[Photo Event] USPEER - 1,0,0
2026-07-01T00:22:16+08:00,OffLine,32,0
2026-07-01T00:22:16+08:00,VideoCall·Random Ver.,14,0
2026-07-01T00:22:27+08:00,[Photo Event] USPEER - 1,0,0
2026-07-01T00:22:27+08:00,OffLine,32,0
2026-07-01T00:22:27+08:00,VideoCall·Random Ver.,14,0
2026-07-01T00:31:42+08:00,[Photo Event] USPEER - 1,0,0
2026-07-01T00:31:42+08:00,OffLine,32,0
2026-07-01T00:31:42+08:00,VideoCall·Random Ver.,14,0
2026-07-01T00:31:53+08:00,[Photo Event] USPEER - 1,0,0
2026-07-01T00:31:53+08:00,OffLine,32,0
2026-07-01T00:31:53+08:00,VideoCall·Random Ver.,14,0
2026-07-01T00:32:04+08:00,[Photo Event] USPEER - 1,0,0
2026-07-01T00:32:04+08:00,OffLine,32,0
2026-07-01T00:32:04+08:00,VideoCall·Random Ver.,14,0
2026-07-01T00:32:14+08:00,[Photo Event] USPEER - 1,0,0
2026-07-01T00:32:14+08:00,OffLine,32,0
2026-07-01T00:32:14+08:00,VideoCall·Random Ver.,14,0
2026-07-01T00:32:25+08:00,[Photo Event] USPEER - 1,0,0
2026-07-01T00:32:25+08:00,OffLine,32,0
2026-07-01T00:32:25+08:00,VideoCall·Random Ver.,14,0
2026-07-01T00:32:36+08:00,[Photo Event] USPEER - 1,0,0
2026-07-01T00:32:36+08:00,OffLine,32,0
2026-07-01T00:32:36+08:00,VideoCall·Random Ver.,14,0
2026-07-01T00:32:47+08:00,[Photo Event] USPEER - 1,0,0
2026-07-01T00:32:47+08:00,OffLine,32,0
2026-07-01T00:32:47+08:00,VideoCall·Random Ver.,14,0
2026-07-01T00:33:06+08:00,[Photo Event] USPEER - 1,0,0
2026-07-01T00:33:06+08:00,OffLine,32,0
2026-07-01T00:33:06+08:00,VideoCall·Random Ver.,14,0
2026-07-01T00:33:16+08:00,[Photo Event] USPEER - 1,0,0
2026-07-01T00:33:16+08:00,OffLine,32,0
2026-07-01T00:33:16+08:00,VideoCall·Random Ver.,14,0
2026-07-01T00:33:27+08:00,[Photo Event] USPEER - 1,0,0
2026-07-01T00:33:27+08:00,OffLine,32,0
2026-07-01T00:33:27+08:00,VideoCall·Random Ver.,14,0
2026-07-01T00:33:38+08:00,[Photo Event] USPEER - 1,0,0
2026-07-01T00:33:38+08:00,OffLine,32,0
2026-07-01T00:33:38+08:00,VideoCall·Random Ver.,14,0
2026-07-01T00:33:48+08:00,[Photo Event] USPEER - 1,0,0
2026-07-01T00:33:48+08:00,OffLine,32,0
2026-07-01T00:33:48+08:00,VideoCall·Random Ver.,14,0
2026-07-01T00:33:59+08:00,[Photo Event] USPEER - 1,0,0
2026-07-01T00:33:59+08:00,OffLine,32,0
2026-07-01T00:33:59+08:00,VideoCall·Random Ver.,14,0
2026-07-01T00:34:19+08:00,[Photo Event] USPEER - 1,0,0
2026-07-01T00:34:19+08:00,OffLine,32,0
2026-07-01T00:34:19+08:00,VideoCall·Random Ver.,14,0
2026-07-01T00:34:29+08:00,[Photo Event] USPEER - 1,0,0
2026-07-01T00:34:29+08:00,OffLine,32,0
2026-07-01T00:34:29+08:00,VideoCall·Random Ver.,14,0
2026-07-01T00:34:40+08:00,[Photo Event] USPEER - 1,0,0
2026-07-01T00:34:40+08:00,OffLine,32,0
2026-07-01T00:34:40+08:00,VideoCall·Random Ver.,14,0
2026-07-01T00:34:51+08:00,[Photo Event] USPEER - 1,0,0
2026-07-01T00:34:51+08:00,OffLine,32,0
2026-07-01T00:34:51+08:00,VideoCall·Random Ver.,14,0
2026-07-01T00:35:02+08:00,[Photo Event] USPEER - 1,0,0
2026-07-01T00:35:02+08:00,OffLine,32,0
2026-07-01T00:35:02+08:00,VideoCall·Random Ver.,14,0
2026-07-01T00:35:12+08:00,[Photo Event] USPEER - 1,0,0
2026-07-01T00:35:12+08:00,OffLine,32,0
2026-07-01T00:35:12+08:00,VideoCall·Random Ver.,14,0
2026-07-01T00:35:32+08:00,[Photo Event] USPEER - 1,0,0
2026-07-01T00:35:32+08:00,OffLine,32,0
2026-07-01T00:35:32+08:00,VideoCall·Random Ver.,14,0
2026-07-01T00:35:43+08:00,[Photo Event] USPEER - 1,0,0
2026-07-01T00:35:43+08:00,OffLine,32,0
2026-07-01T00:35:43+08:00,VideoCall·Random Ver.,14,0
2026-07-01T00:35:53+08:00,[Photo Event] USPEER - 1,0,0
2026-07-01T00:35:53+08:00,OffLine,32,0
2026-07-01T00:35:53+08:00,VideoCall·Random Ver.,14,0
2026-07-01T00:36:04+08:00,[Photo Event] USPEER - 1,0,0
2026-07-01T00:36:04+08:00,OffLine,32,0
2026-07-01T00:36:04+08:00,VideoCall·Random Ver.,14,0
2026-07-01T00:36:14+08:00,[Photo Event] USPEER - 1,0,0
2026-07-01T00:36:14+08:00,OffLine,32,0
2026-07-01T00:36:14+08:00,VideoCall·Random Ver.,14,0
2026-07-01T00:36:25+08:00,[Photo Event] USPEER - 1,0,0
2026-07-01T00:36:25+08:00,OffLine,32,0
2026-07-01T00:36:25+08:00,VideoCall·Random Ver.,14,0
2026-07-01T00:36:44+08:00,[Photo Event] USPEER - 1,0,0
2026-07-01T00:36:44+08:00,OffLine,32,0
2026-07-01T00:36:44+08:00,VideoCall·Random Ver.,14,0
2026-07-01T00:36:55+08:00,[Photo Event] USPEER - 1,0,0
2026-07-01T00:36:55+08:00,OffLine,32,0
2026-07-01T00:36:55+08:00,VideoCall·Random Ver.,14,0
2026-07-01T00:37:05+08:00,[Photo Event] USPEER - 1,0,0
2026-07-01T00:37:05+08:00,OffLine,32,0
2026-07-01T00:37:05+08:00,VideoCall·Random Ver.,14,0
2026-07-01T00:37:16+08:00,[Photo Event] USPEER - 1,0,0
2026-07-01T00:37:16+08:00,OffLine,32,0
2026-07-01T00:37:16+08:00,VideoCall·Random Ver.,14,0
2026-07-01T00:37:27+08:00,[Photo Event] USPEER - 1,0,0
2026-07-01T00:37:27+08:00,OffLine,32,0
2026-07-01T00:37:27+08:00,VideoCall·Random Ver.,14,0
2026-07-01T00:37:38+08:00,[Photo Event] USPEER - 1,0,0
2026-07-01T00:37:38+08:00,OffLine,32,0
2026-07-01T00:37:38+08:00,VideoCall·Random Ver.,14,0
2026-07-01T00:37:57+08:00,[Photo Event] USPEER - 1,0,0
2026-07-01T00:37:57+08:00,OffLine,32,0
2026-07-01T00:37:57+08:00,VideoCall·Random Ver.,14,0
2026-07-01T00:38:08+08:00,[Photo Event] USPEER - 1,0,0
2026-07-01T00:38:08+08:00,OffLine,32,0
2026-07-01T00:38:08+08:00,VideoCall·Random Ver.,14,0
2026-07-01T00:38:21+08:00,[Photo Event] USPEER - 1,0,0
2026-07-01T00:38:21+08:00,OffLine,32,0
2026-07-01T00:38:21+08:00,VideoCall·Random Ver.,14,0
2026-07-01T00:38:32+08:00,[Photo Event] USPEER - 1,0,0
2026-07-01T00:38:32+08:00,OffLine,32,0
2026-07-01T00:38:32+08:00,VideoCall·Random Ver.,14,0
2026-07-01T00:38:43+08:00,[Photo Event] USPEER - 1,0,0
2026-07-01T00:38:43+08:00,OffLine,32,0
2026-07-01T00:38:43+08:00,VideoCall·Random Ver.,14,0
2026-07-01T00:38:54+08:00,[Photo Event] USPEER - 1,0,0
2026-07-01T00:38:54+08:00,OffLine,32,0
2026-07-01T00:38:54+08:00,VideoCall·Random Ver.,14,0
2026-07-01T00:39:13+08:00,[Photo Event] USPEER - 1,0,0
2026-07-01T00:39:13+08:00,OffLine,32,0
2026-07-01T00:39:13+08:00,VideoCall·Random Ver.,14,0
2026-07-01T00:39:24+08:00,[Photo Event] USPEER - 1,0,0
2026-07-01T00:39:24+08:00,OffLine,32,0
2026-07-01T00:39:24+08:00,VideoCall·Random Ver.,14,0
2026-07-01T00:39:35+08:00,[Photo Event] USPEER - 1,0,0
2026-07-01T00:39:35+08:00,OffLine,32,0
2026-07-01T00:39:35+08:00,VideoCall·Random Ver.,14,0
2026-07-01T00:39:45+08:00,[Photo Event] USPEER - 1,0,0
2026-07-01T00:39:45+08:00,OffLine,32,0
2026-07-01T00:39:45+08:00,VideoCall·Random Ver.,14,0
2026-07-01T00:39:56+08:00,[Photo Event] USPEER - 1,0,0
2026-07-01T00:39:56+08:00,OffLine,32,0
2026-07-01T00:39:56+08:00,VideoCall·Random Ver.,14,0
2026-07-01T00:40:07+08:00,[Photo Event] USPEER - 1,0,0
2026-07-01T00:40:07+08:00,OffLine,32,0
2026-07-01T00:40:07+08:00,VideoCall·Random Ver.,14,0
2026-07-01T00:40:27+08:00,[Photo Event] USPEER - 1,0,0
2026-07-01T00:40:27+08:00,OffLine,32,0
2026-07-01T00:40:27+08:00,VideoCall·Random Ver.,14,0
2026-07-01T00:40:37+08:00,[Photo Event] USPEER - 1,0,0
2026-07-01T00:40:37+08:00,OffLine,32,0
2026-07-01T00:40:37+08:00,VideoCall·Random Ver.,14,0
2026-07-01T00:40:48+08:00,[Photo Event] USPEER - 1,0,0
2026-07-01T00:40:48+08:00,OffLine,32,0
2026-07-01T00:40:48+08:00,VideoCall·Random Ver.,14,0
2026-07-01T00:40:59+08:00,[Photo Event] USPEER - 1,0,0
2026-07-01T00:40:59+08:00,OffLine,32,0
2026-07-01T00:40:59+08:00,VideoCall·Random Ver.,14,0
2026-07-01T00:41:09+08:00,[Photo Event] USPEER - 1,0,0
2026-07-01T00:41:09+08:00,OffLine,32,0
2026-07-01T00:41:09+08:00,VideoCall·Random Ver.,14,0
2026-07-01T00:41:20+08:00,[Photo Event] USPEER - 1,0,0
2026-07-01T00:41:20+08:00,OffLine,32,0
2026-07-01T00:41:20+08:00,VideoCall·Random Ver.,14,0
2026-07-01T00:41:39+08:00,[Photo Event] USPEER - 1,0,0
2026-07-01T00:41:39+08:00,OffLine,32,0
2026-07-01T00:41:39+08:00,VideoCall·Random Ver.,14,0
2026-07-01T00:41:49+08:00,[Photo Event] USPEER - 1,0,0
2026-07-01T00:41:49+08:00,OffLine,32,0
2026-07-01T00:41:49+08:00,VideoCall·Random Ver.,14,0
2026-07-01T00:42:00+08:00,[Photo Event] USPEER - 1,0,0
2026-07-01T00:42:00+08:00,OffLine,32,0
2026-07-01T00:42:00+08:00,VideoCall·Random Ver.,14,0
2026-07-01T00:42:10+08:00,[Photo Event] USPEER - 1,0,0
2026-07-01T00:42:10+08:00,OffLine,32,0
2026-07-01T00:42:10+08:00,VideoCall·Random Ver.,14,0
2026-07-01T00:42:21+08:00,[Photo Event] USPEER - 1,0,0
2026-07-01T00:42:21+08:00,OffLine,32,0
2026-07-01T00:42:21+08:00,VideoCall·Random Ver.,14,0
2026-07-01T00:42:31+08:00,[Photo Event] USPEER - 1,0,0
2026-07-01T00:42:31+08:00,OffLine,32,0
2026-07-01T00:42:31+08:00,VideoCall·Random Ver.,14,0
2026-07-01T00:42:50+08:00,[Photo Event] USPEER - 1,0,0
2026-07-01T00:42:50+08:00,OffLine,32,0
2026-07-01T00:42:50+08:00,VideoCall·Random Ver.,14,0
2026-07-01T00:43:01+08:00,[Photo Event] USPEER - 1,0,0
2026-07-01T00:43:01+08:00,OffLine,32,0
2026-07-01T00:43:01+08:00,VideoCall·Random Ver.,14,0
2026-07-01T00:43:12+08:00,[Photo Event] USPEER - 1,0,0
2026-07-01T00:43:12+08:00,OffLine,32,0
2026-07-01T00:43:12+08:00,VideoCall·Random Ver.,14,0
2026-07-01T00:43:22+08:00,[Photo Event] USPEER - 1,0,0
2026-07-01T00:43:22+08:00,OffLine,32,0
2026-07-01T00:43:22+08:00,VideoCall·Random Ver.,14,0
2026-07-01T00:43:33+08:00,[Photo Event] USPEER - 1,0,0
2026-07-01T00:43:33+08:00,OffLine,32,0
2026-07-01T00:43:33+08:00,VideoCall·Random Ver.,14,0
2026-07-01T00:43:45+08:00,[Photo Event] USPEER - 1,0,0
2026-07-01T00:43:45+08:00,OffLine,32,0
2026-07-01T00:43:45+08:00,VideoCall·Random Ver.,14,0
2026-07-01T00:44:03+08:00,[Photo Event] USPEER - 1,0,0
2026-07-01T00:44:03+08:00,OffLine,32,0
2026-07-01T00:44:03+08:00,VideoCall·Random Ver.,14,0
2026-07-01T00:44:14+08:00,[Photo Event] USPEER - 1,0,0
2026-07-01T00:44:14+08:00,OffLine,32,0
2026-07-01T00:44:14+08:00,VideoCall·Random Ver.,14,0
2026-07-01T00:44:25+08:00,[Photo Event] USPEER - 1,0,0
2026-07-01T00:44:25+08:00,OffLine,32,0
2026-07-01T00:44:25+08:00,VideoCall·Random Ver.,14,0
2026-07-01T00:44:36+08:00,[Photo Event] USPEER - 1,0,0
2026-07-01T00:44:36+08:00,OffLine,32,0
2026-07-01T00:44:36+08:00,VideoCall·Random Ver.,14,0
2026-07-01T00:44:47+08:00,[Photo Event] USPEER - 1,0,0
2026-07-01T00:44:47+08:00,OffLine,32,0
2026-07-01T00:44:47+08:00,VideoCall·Random Ver.,14,0
2026-07-01T00:44:58+08:00,[Photo Event] USPEER - 1,0,0
2026-07-01T00:44:58+08:00,OffLine,32,0
2026-07-01T00:44:58+08:00,VideoCall·Random Ver.,14,0
2026-07-01T00:45:17+08:00,[Photo Event] USPEER - 1,0,0
2026-07-01T00:45:17+08:00,OffLine,32,0
2026-07-01T00:45:17+08:00,VideoCall·Random Ver.,14,0
2026-07-01T00:45:28+08:00,[Photo Event] USPEER - 1,0,0
2026-07-01T00:45:28+08:00,OffLine,32,0
2026-07-01T00:45:28+08:00,VideoCall·Random Ver.,14,0
2026-07-01T00:45:39+08:00,[Photo Event] USPEER - 1,0,0
2026-07-01T00:45:39+08:00,OffLine,32,0
2026-07-01T00:45:39+08:00,VideoCall·Random Ver.,14,0
2026-07-01T00:45:49+08:00,[Photo Event] USPEER - 1,0,0
2026-07-01T00:45:49+08:00,OffLine,32,0
2026-07-01T00:45:49+08:00,VideoCall·Random Ver.,14,0
2026-07-01T00:46:00+08:00,[Photo Event] USPEER - 1,0,0
2026-07-01T00:46:00+08:00,OffLine,32,0
2026-07-01T00:46:00+08:00,VideoCall·Random Ver.,14,0
2026-07-01T00:46:11+08:00,[Photo Event] USPEER - 1,0,0
2026-07-01T00:46:11+08:00,OffLine,32,0
2026-07-01T00:46:11+08:00,VideoCall·Random Ver.,14,0
2026-07-01T00:46:31+08:00,[Photo Event] USPEER - 1,0,0
2026-07-01T00:46:31+08:00,OffLine,32,0
2026-07-01T00:46:31+08:00,VideoCall·Random Ver.,14,0
2026-07-01T00:46:41+08:00,[Photo Event] USPEER - 1,0,0
2026-07-01T00:46:41+08:00,OffLine,32,0
2026-07-01T00:46:41+08:00,VideoCall·Random Ver.,14,0
2026-07-01T00:46:52+08:00,[Photo Event] USPEER - 1,0,0
2026-07-01T00:46:52+08:00,OffLine,32,0
2026-07-01T00:46:52+08:00,VideoCall·Random Ver.,14,0
2026-07-01T00:47:03+08:00,[Photo Event] USPEER - 1,0,0
2026-07-01T00:47:03+08:00,OffLine,32,0
2026-07-01T00:47:03+08:00,VideoCall·Random Ver.,14,0
2026-07-01T00:47:14+08:00,[Photo Event] USPEER - 1,0,0
2026-07-01T00:47:14+08:00,OffLine,32,0
2026-07-01T00:47:14+08:00,VideoCall·Random Ver.,14,0
2026-07-01T00:47:24+08:00,[Photo Event] USPEER - 1,0,0
2026-07-01T00:47:24+08:00,OffLine,32,0
2026-07-01T00:47:24+08:00,VideoCall·Random Ver.,14,0
2026-07-01T00:47:44+08:00,[Photo Event] USPEER - 1,0,0
2026-07-01T00:47:44+08:00,OffLine,32,0
2026-07-01T00:47:44+08:00,VideoCall·Random Ver.,14,0
2026-07-01T00:47:55+08:00,[Photo Event] USPEER - 1,0,0
2026-07-01T00:47:55+08:00,OffLine,32,0
2026-07-01T00:47:55+08:00,VideoCall·Random Ver.,14,0
2026-07-01T00:48:06+08:00,[Photo Event] USPEER - 1,0,0
2026-07-01T00:48:06+08:00,OffLine,32,0
2026-07-01T00:48:06+08:00,VideoCall·Random Ver.,14,0
2026-07-01T00:48:16+08:00,[Photo Event] USPEER - 1,0,0
2026-07-01T00:48:16+08:00,OffLine,32,0
2026-07-01T00:48:16+08:00,VideoCall·Random Ver.,14,0
2026-07-01T00:48:27+08:00,[Photo Event] USPEER - 1,0,0
2026-07-01T00:48:27+08:00,OffLine,32,0
2026-07-01T00:48:27+08:00,VideoCall·Random Ver.,14,0
2026-07-01T00:48:38+08:00,[Photo Event] USPEER - 1,0,0
2026-07-01T00:48:38+08:00,OffLine,32,0
2026-07-01T00:48:38+08:00,VideoCall·Random Ver.,14,0
2026-07-01T00:48:58+08:00,[Photo Event] USPEER - 1,0,0
2026-07-01T00:48:58+08:00,OffLine,32,0
2026-07-01T00:48:58+08:00,VideoCall·Random Ver.,14,0
2026-07-01T00:49:08+08:00,[Photo Event] USPEER - 1,0,0
2026-07-01T00:49:08+08:00,OffLine,32,0
2026-07-01T00:49:08+08:00,VideoCall·Random Ver.,14,0
2026-07-01T00:49:19+08:00,[Photo Event] USPEER - 1,0,0
2026-07-01T00:49:19+08:00,OffLine,32,0
2026-07-01T00:49:19+08:00,VideoCall·Random Ver.,14,0
2026-07-01T00:49:30+08:00,[Photo Event] USPEER - 1,0,0
2026-07-01T00:49:30+08:00,OffLine,32,0
2026-07-01T00:49:30+08:00,VideoCall·Random Ver.,14,0
2026-07-01T00:49:41+08:00,[Photo Event] USPEER - 1,0,0
2026-07-01T00:49:41+08:00,OffLine,32,0
2026-07-01T00:49:41+08:00,VideoCall·Random Ver.,14,0
2026-07-01T00:49:52+08:00,[Photo Event] USPEER - 1,0,0
2026-07-01T00:49:52+08:00,OffLine,32,0
2026-07-01T00:49:52+08:00,VideoCall·Random Ver.,14,0
2026-07-01T00:50:11+08:00,[Photo Event] USPEER - 1,0,0
2026-07-01T00:50:11+08:00,OffLine,32,0
2026-07-01T00:50:11+08:00,VideoCall·Random Ver.,14,0
2026-07-01T00:50:22+08:00,[Photo Event] USPEER - 1,0,0
2026-07-01T00:50:22+08:00,OffLine,32,0
2026-07-01T00:50:22+08:00,VideoCall·Random Ver.,14,0
2026-07-01T00:50:33+08:00,[Photo Event] USPEER - 1,0,0
2026-07-01T00:50:33+08:00,OffLine,32,0
2026-07-01T00:50:33+08:00,VideoCall·Random Ver.,14,0
2026-07-01T00:50:44+08:00,[Photo Event] USPEER - 1,0,0
2026-07-01T00:50:44+08:00,OffLine,32,0
2026-07-01T00:50:44+08:00,VideoCall·Random Ver.,14,0
2026-07-01T00:50:54+08:00,[Photo Event] USPEER - 1,0,0
2026-07-01T00:50:54+08:00,OffLine,32,0
2026-07-01T00:50:54+08:00,VideoCall·Random Ver.,14,0
2026-07-01T00:51:05+08:00,[Photo Event] USPEER - 1,0,0
2026-07-01T00:51:05+08:00,OffLine,32,0
2026-07-01T00:51:05+08:00,VideoCall·Random Ver.,14,0
2026-07-01T00:51:24+08:00,[Photo Event] USPEER - 1,0,0
2026-07-01T00:51:24+08:00,OffLine,32,0
2026-07-01T00:51:24+08:00,VideoCall·Random Ver.,14,0
2026-07-01T00:51:35+08:00,[Photo Event] USPEER - 1,0,0
2026-07-01T00:51:35+08:00,OffLine,32,0
2026-07-01T00:51:35+08:00,VideoCall·Random Ver.,14,0
2026-07-01T00:51:45+08:00,[Photo Event] USPEER - 1,0,0
2026-07-01T00:51:45+08:00,OffLine,32,0
2026-07-01T00:51:45+08:00,VideoCall·Random Ver.,14,0
2026-07-01T00:51:56+08:00,[Photo Event] USPEER - 1,0,0
2026-07-01T00:51:56+08:00,OffLine,32,0
2026-07-01T00:51:56+08:00,VideoCall·Random Ver.,14,0
2026-07-01T00:52:06+08:00,[Photo Event] USPEER - 1,0,0
2026-07-01T00:52:06+08:00,OffLine,32,0
2026-07-01T00:52:06+08:00,VideoCall·Random Ver.,14,0
2026-07-01T00:52:17+08:00,[Photo Event] USPEER - 1,0,0
2026-07-01T00:52:17+08:00,OffLine,32,0
2026-07-01T00:52:17+08:00,VideoCall·Random Ver.,14,0
2026-07-01T00:52:37+08:00,[Photo Event] USPEER - 1,0,0
2026-07-01T00:52:37+08:00,OffLine,32,0
2026-07-01T00:52:37+08:00,VideoCall·Random Ver.,14,0
2026-07-01T00:52:48+08:00,[Photo Event] USPEER - 1,0,0
2026-07-01T00:52:48+08:00,OffLine,32,0
2026-07-01T00:52:48+08:00,VideoCall·Random Ver.,14,0
2026-07-01T00:52:59+08:00,[Photo Event] USPEER - 1,0,0
2026-07-01T00:52:59+08:00,OffLine,32,0
2026-07-01T00:52:59+08:00,VideoCall·Random Ver.,14,0
2026-07-01T00:53:09+08:00,[Photo Event] USPEER - 1,0,0
2026-07-01T00:53:09+08:00,OffLine,32,0
2026-07-01T00:53:09+08:00,VideoCall·Random Ver.,14,0
2026-07-01T00:53:20+08:00,[Photo Event] USPEER - 1,0,0
2026-07-01T00:53:20+08:00,OffLine,32,0
2026-07-01T00:53:20+08:00,VideoCall·Random Ver.,14,0
2026-07-01T00:53:31+08:00,[Photo Event] USPEER - 1,0,0
2026-07-01T00:53:31+08:00,OffLine,32,0
2026-07-01T00:53:31+08:00,VideoCall·Random Ver.,14,0
2026-07-01T00:53:52+08:00,[Photo Event] USPEER - 1,0,0
2026-07-01T00:53:52+08:00,OffLine,32,0
2026-07-01T00:53:52+08:00,VideoCall·Random Ver.,14,0
2026-07-01T00:54:02+08:00,[Photo Event] USPEER - 1,0,0
2026-07-01T00:54:02+08:00,OffLine,32,0
2026-07-01T00:54:02+08:00,VideoCall·Random Ver.,14,0
2026-07-01T00:54:13+08:00,[Photo Event] USPEER - 1,0,0
2026-07-01T00:54:13+08:00,OffLine,32,0
2026-07-01T00:54:13+08:00,VideoCall·Random Ver.,14,0
2026-07-01T00:54:24+08:00,[Photo Event] USPEER - 1,0,0
2026-07-01T00:54:24+08:00,OffLine,32,0
2026-07-01T00:54:24+08:00,VideoCall·Random Ver.,14,0
2026-07-01T00:54:34+08:00,[Photo Event] USPEER - 1,0,0
2026-07-01T00:54:34+08:00,OffLine,32,0
2026-07-01T00:54:34+08:00,VideoCall·Random Ver.,14,0
2026-07-01T00:54:46+08:00,[Photo Event] USPEER - 1,0,0
2026-07-01T00:54:46+08:00,OffLine,32,0
2026-07-01T00:54:46+08:00,VideoCall·Random Ver.,14,0
2026-07-01T00:55:04+08:00,[Photo Event] USPEER - 1,0,0
2026-07-01T00:55:04+08:00,OffLine,32,0
2026-07-01T00:55:04+08:00,VideoCall·Random Ver.,14,0
2026-07-01T00:55:15+08:00,[Photo Event] USPEER - 1,0,0
2026-07-01T00:55:15+08:00,OffLine,32,0
2026-07-01T00:55:15+08:00,VideoCall·Random Ver.,14,0
2026-07-01T00:55:26+08:00,[Photo Event] USPEER - 1,0,0
2026-07-01T00:55:26+08:00,OffLine,32,0
2026-07-01T00:55:26+08:00,VideoCall·Random Ver.,14,0
2026-07-01T00:55:37+08:00,[Photo Event] USPEER - 1,0,0
2026-07-01T00:55:37+08:00,OffLine,32,0
2026-07-01T00:55:37+08:00,VideoCall·Random Ver.,14,0
2026-07-01T00:55:48+08:00,[Photo Event] USPEER - 1,0,0
2026-07-01T00:55:48+08:00,OffLine,32,0
2026-07-01T00:55:48+08:00,VideoCall·Random Ver.,14,0
2026-07-01T00:55:58+08:00,[Photo Event] USPEER - 1,0,0
2026-07-01T00:55:58+08:00,OffLine,32,0
2026-07-01T00:55:58+08:00,VideoCall·Random Ver.,14,0
2026-07-01T00:56:17+08:00,[Photo Event] USPEER - 1,0,0
2026-07-01T00:56:17+08:00,OffLine,32,0
2026-07-01T00:56:17+08:00,VideoCall·Random Ver.,14,0
2026-07-01T00:56:28+08:00,[Photo Event] USPEER - 1,0,0
2026-07-01T00:56:28+08:00,OffLine,32,0
2026-07-01T00:56:28+08:00,VideoCall·Random Ver.,14,0
2026-07-01T00:56:39+08:00,[Photo Event] USPEER - 1,0,0
2026-07-01T00:56:39+08:00,OffLine,32,0
2026-07-01T00:56:39+08:00,VideoCall·Random Ver.,14,0
2026-07-01T00:56:49+08:00,[Photo Event] USPEER - 1,0,0
2026-07-01T00:56:49+08:00,OffLine,32,0
2026-07-01T00:56:49+08:00,VideoCall·Random Ver.,14,0
2026-07-01T00:57:00+08:00,[Photo Event] USPEER - 1,0,0
2026-07-01T00:57:00+08:00,OffLine,32,0
2026-07-01T00:57:00+08:00,VideoCall·Random Ver.,14,0
2026-07-01T00:57:11+08:00,[Photo Event] USPEER - 1,0,0
2026-07-01T00:57:11+08:00,OffLine,32,0
2026-07-01T00:57:11+08:00,VideoCall·Random Ver.,14,0
2026-07-01T00:57:31+08:00,[Photo Event] USPEER - 1,0,0
2026-07-01T00:57:31+08:00,OffLine,32,0
2026-07-01T00:57:31+08:00,VideoCall·Random Ver.,14,0
2026-07-01T00:57:42+08:00,[Photo Event] USPEER - 1,0,0
2026-07-01T00:57:42+08:00,OffLine,32,0
2026-07-01T00:57:42+08:00,VideoCall·Random Ver.,14,0
2026-07-01T00:57:53+08:00,[Photo Event] USPEER - 1,0,0
2026-07-01T00:57:53+08:00,OffLine,32,0
2026-07-01T00:57:53+08:00,VideoCall·Random Ver.,14,0
2026-07-01T00:58:03+08:00,[Photo Event] USPEER - 1,0,0
2026-07-01T00:58:03+08:00,OffLine,32,0
2026-07-01T00:58:03+08:00,VideoCall·Random Ver.,14,0
2026-07-01T00:58:14+08:00,[Photo Event] USPEER - 1,0,0
2026-07-01T00:58:14+08:00,OffLine,32,0
2026-07-01T00:58:14+08:00,VideoCall·Random Ver.,14,0
2026-07-01T00:58:25+08:00,[Photo Event] USPEER - 1,0,0
2026-07-01T00:58:25+08:00,OffLine,32,0
2026-07-01T00:58:25+08:00,VideoCall·Random Ver.,14,0
2026-07-01T00:58:44+08:00,[Photo Event] USPEER - 1,0,0
2026-07-01T00:58:44+08:00,OffLine,32,0
2026-07-01T00:58:44+08:00,VideoCall·Random Ver.,14,0
2026-07-01T00:58:55+08:00,[Photo Event] USPEER - 1,0,0
2026-07-01T00:58:55+08:00,OffLine,32,0
2026-07-01T00:58:55+08:00,VideoCall·Random Ver.,14,0
2026-07-01T00:59:06+08:00,[Photo Event] USPEER - 1,0,0
2026-07-01T00:59:06+08:00,OffLine,32,0
2026-07-01T00:59:06+08:00,VideoCall·Random Ver.,14,0
2026-07-01T00:59:16+08:00,[Photo Event] USPEER - 1,0,0
2026-07-01T00:59:16+08:00,OffLine,32,0
2026-07-01T00:59:16+08:00,VideoCall·Random Ver.,14,0
2026-07-01T00:59:27+08:00,[Photo Event] USPEER - 1,0,0
2026-07-01T00:59:27+08:00,OffLine,32,0
2026-07-01T00:59:27+08:00,VideoCall·Random Ver.,14,0
2026-07-01T00:59:38+08:00,[Photo Event] USPEER - 1,0,0
2026-07-01T00:59:38+08:00,OffLine,32,0
2026-07-01T00:59:38+08:00,VideoCall·Random Ver.,14,0
2026-07-01T00:59:57+08:00,[Photo Event] USPEER - 1,0,0
2026-07-01T00:59:57+08:00,OffLine,32,0
2026-07-01T00:59:57+08:00,VideoCall·Random Ver.,14,0
2026-07-01T01:00:08+08:00,[Photo Event] USPEER - 1,0,0
2026-07-01T01:00:08+08:00,OffLine,32,0
2026-07-01T01:00:08+08:00,VideoCall·Random Ver.,14,0
2026-07-01T01:00:18+08:00,[Photo Event] USPEER - 1,0,0
2026-07-01T01:00:18+08:00,OffLine,32,0
2026-07-01T01:00:18+08:00,VideoCall·Random Ver.,14,0
2026-07-01T01:00:29+08:00,[Photo Event] USPEER - 1,0,0
2026-07-01T01:00:29+08:00,OffLine,32,0
2026-07-01T01:00:29+08:00,VideoCall·Random Ver.,14,0
2026-07-01T01:00:40+08:00,[Photo Event] USPEER - 1,0,0
2026-07-01T01:00:40+08:00,OffLine,32,0
2026-07-01T01:00:40+08:00,VideoCall·Random Ver.,14,0
2026-07-01T01:00:51+08:00,[Photo Event] USPEER - 1,0,0
2026-07-01T01:00:51+08:00,OffLine,32,0
2026-07-01T01:00:51+08:00,VideoCall·Random Ver.,14,0
2026-07-01T01:01:10+08:00,[Photo Event] USPEER - 1,0,0
2026-07-01T01:01:10+08:00,OffLine,32,0
2026-07-01T01:01:10+08:00,VideoCall·Random Ver.,14,0
2026-07-01T01:01:21+08:00,[Photo Event] USPEER - 1,0,0
2026-07-01T01:01:21+08:00,OffLine,32,0
2026-07-01T01:01:21+08:00,VideoCall·Random Ver.,14,0
2026-07-01T01:01:32+08:00,[Photo Event] USPEER - 1,0,0
2026-07-01T01:01:32+08:00,OffLine,32,0
2026-07-01T01:01:32+08:00,VideoCall·Random Ver.,14,0
2026-07-01T01:01:43+08:00,[Photo Event] USPEER - 1,0,0
2026-07-01T01:01:43+08:00,OffLine,32,0
2026-07-01T01:01:43+08:00,VideoCall·Random Ver.,14,0
2026-07-01T01:01:54+08:00,[Photo Event] USPEER - 1,0,0
2026-07-01T01:01:54+08:00,OffLine,32,0
2026-07-01T01:01:54+08:00,VideoCall·Random Ver.,14,0
2026-07-01T01:02:04+08:00,[Photo Event] USPEER - 1,0,0
2026-07-01T01:02:04+08:00,OffLine,32,0
2026-07-01T01:02:04+08:00,VideoCall·Random Ver.,14,0
2026-07-01T01:02:24+08:00,[Photo Event] USPEER - 1,0,0
2026-07-01T01:02:24+08:00,OffLine,32,0
2026-07-01T01:02:24+08:00,VideoCall·Random Ver.,14,0
2026-07-01T01:02:35+08:00,[Photo Event] USPEER - 1,0,0
2026-07-01T01:02:35+08:00,OffLine,32,0
2026-07-01T01:02:35+08:00,VideoCall·Random Ver.,14,0
2026-07-01T01:02:46+08:00,[Photo Event] USPEER - 1,0,0
2026-07-01T01:02:46+08:00,OffLine,32,0
2026-07-01T01:02:46+08:00,VideoCall·Random Ver.,14,0
2026-07-01T01:02:57+08:00,[Photo Event] USPEER - 1,0,0
2026-07-01T01:02:57+08:00,OffLine,32,0
2026-07-01T01:02:57+08:00,VideoCall·Random Ver.,14,0
2026-07-01T01:03:07+08:00,[Photo Event] USPEER - 1,0,0
2026-07-01T01:03:07+08:00,OffLine,32,0
2026-07-01T01:03:07+08:00,VideoCall·Random Ver.,14,0
2026-07-01T01:03:18+08:00,[Photo Event] USPEER - 1,0,0
2026-07-01T01:03:18+08:00,OffLine,32,0
2026-07-01T01:03:18+08:00,VideoCall·Random Ver.,14,0
2026-07-01T01:03:38+08:00,[Photo Event] USPEER - 1,0,0
2026-07-01T01:03:38+08:00,OffLine,32,0
2026-07-01T01:03:38+08:00,VideoCall·Random Ver.,14,0
2026-07-01T01:03:48+08:00,[Photo Event] USPEER - 1,0,0
2026-07-01T01:03:48+08:00,OffLine,32,0
2026-07-01T01:03:48+08:00,VideoCall·Random Ver.,14,0
2026-07-01T01:03:59+08:00,[Photo Event] USPEER - 1,0,0
2026-07-01T01:03:59+08:00,OffLine,32,0
2026-07-01T01:03:59+08:00,VideoCall·Random Ver.,14,0
2026-07-01T01:04:10+08:00,[Photo Event] USPEER - 1,0,0
2026-07-01T01:04:10+08:00,OffLine,32,0
2026-07-01T01:04:10+08:00,VideoCall·Random Ver.,14,0
2026-07-01T01:04:20+08:00,[Photo Event] USPEER - 1,0,0
2026-07-01T01:04:20+08:00,OffLine,32,0
2026-07-01T01:04:20+08:00,VideoCall·Random Ver.,14,0
2026-07-01T01:04:31+08:00,[Photo Event] USPEER - 1,0,0
2026-07-01T01:04:31+08:00,OffLine,32,0
2026-07-01T01:04:31+08:00,VideoCall·Random Ver.,14,0
2026-07-01T01:04:50+08:00,[Photo Event] USPEER - 1,0,0
2026-07-01T01:04:50+08:00,OffLine,32,0
2026-07-01T01:04:50+08:00,VideoCall·Random Ver.,14,0
2026-07-01T01:05:00+08:00,[Photo Event] USPEER - 1,0,0
2026-07-01T01:05:00+08:00,OffLine,32,0
2026-07-01T01:05:00+08:00,VideoCall·Random Ver.,14,0
2026-07-01T01:05:11+08:00,[Photo Event] USPEER - 1,0,0
2026-07-01T01:05:11+08:00,OffLine,32,0
2026-07-01T01:05:11+08:00,VideoCall·Random Ver.,14,0
2026-07-01T01:05:21+08:00,[Photo Event] USPEER - 1,0,0
2026-07-01T01:05:21+08:00,OffLine,32,0
2026-07-01T01:05:21+08:00,VideoCall·Random Ver.,14,0
2026-07-01T01:05:32+08:00,[Photo Event] USPEER - 1,0,0
2026-07-01T01:05:32+08:00,OffLine,32,0
2026-07-01T01:05:32+08:00,VideoCall·Random Ver.,14,0
2026-07-01T01:05:43+08:00,[Photo Event] USPEER - 1,0,0
2026-07-01T01:05:43+08:00,OffLine,32,0
2026-07-01T01:05:43+08:00,VideoCall·Random Ver.,14,0
2026-07-01T01:06:01+08:00,[Photo Event] USPEER - 1,0,0
2026-07-01T01:06:01+08:00,OffLine,32,0
2026-07-01T01:06:01+08:00,VideoCall·Random Ver.,14,0
2026-07-01T01:06:12+08:00,[Photo Event] USPEER - 1,0,0
2026-07-01T01:06:12+08:00,OffLine,32,0
2026-07-01T01:06:12+08:00,VideoCall·Random Ver.,14,0
2026-07-01T01:06:22+08:00,[Photo Event] USPEER - 1,0,0
2026-07-01T01:06:22+08:00,OffLine,32,0
2026-07-01T01:06:22+08:00,VideoCall·Random Ver.,14,0
2026-07-01T01:06:33+08:00,[Photo Event] USPEER - 1,0,0
2026-07-01T01:06:33+08:00,OffLine,32,0
2026-07-01T01:06:33+08:00,VideoCall·Random Ver.,14,0
2026-07-01T01:06:43+08:00,[Photo Event] USPEER - 1,0,0
2026-07-01T01:06:43+08:00,OffLine,32,0
2026-07-01T01:06:43+08:00,VideoCall·Random Ver.,14,0
2026-07-01T01:06:54+08:00,[Photo Event] USPEER - 1,0,0
2026-07-01T01:06:54+08:00,OffLine,32,0
2026-07-01T01:06:54+08:00,VideoCall·Random Ver.,14,0
2026-07-01T01:07:13+08:00,[Photo Event] USPEER - 1,0,0
2026-07-01T01:07:13+08:00,OffLine,39,7
2026-07-01T01:07:13+08:00,VideoCall·Random Ver.,14,0
2026-07-01T01:07:24+08:00,[Photo Event] USPEER - 1,0,0
2026-07-01T01:07:24+08:00,OffLine,39,0
2026-07-01T01:07:24+08:00,VideoCall·Random Ver.,14,0
2026-07-01T01:07:34+08:00,[Photo Event] USPEER - 1,0,0
2026-07-01T01:07:34+08:00,OffLine,39,0
2026-07-01T01:07:34+08:00,VideoCall·Random Ver.,14,0
2026-07-01T01:07:45+08:00,[Photo Event] USPEER - 1,0,0
2026-07-01T01:07:45+08:00,OffLine,39,0
2026-07-01T01:07:45+08:00,VideoCall·Random Ver.,14,0
2026-07-01T01:07:55+08:00,[Photo Event] USPEER - 1,0,0
2026-07-01T01:07:55+08:00,OffLine,39,0
2026-07-01T01:07:55+08:00,VideoCall·Random Ver.,14,0
2026-07-01T01:08:06+08:00,[Photo Event] USPEER - 1,0,0
2026-07-01T01:08:06+08:00,OffLine,39,0
2026-07-01T01:08:06+08:00,VideoCall·Random Ver.,14,0
2026-07-01T01:08:25+08:00,[Photo Event] USPEER - 1,0,0
2026-07-01T01:08:25+08:00,OffLine,39,0
2026-07-01T01:08:25+08:00,VideoCall·Random Ver.,14,0
2026-07-01T01:08:36+08:00,[Photo Event] USPEER - 1,0,0
2026-07-01T01:08:36+08:00,OffLine,39,0
2026-07-01T01:08:36+08:00,VideoCall·Random Ver.,14,0
2026-07-01T01:08:46+08:00,[Photo Event] USPEER - 1,0,0
2026-07-01T01:08:46+08:00,OffLine,39,0
2026-07-01T01:08:46+08:00,VideoCall·Random Ver.,14,0
2026-07-01T01:08:57+08:00,[Photo Event] USPEER - 1,0,0
2026-07-01T01:08:57+08:00,OffLine,39,0
2026-07-01T01:08:57+08:00,VideoCall·Random Ver.,14,0
2026-07-01T01:09:08+08:00,[Photo Event] USPEER - 1,0,0
2026-07-01T01:09:08+08:00,OffLine,39,0
2026-07-01T01:09:08+08:00,VideoCall·Random Ver.,14,0
2026-07-01T01:09:18+08:00,[Photo Event] USPEER - 1,0,0
2026-07-01T01:09:18+08:00,OffLine,39,0
2026-07-01T01:09:18+08:00,VideoCall·Random Ver.,14,0
2026-07-01T01:09:37+08:00,[Photo Event] USPEER - 1,0,0
2026-07-01T01:09:37+08:00,OffLine,39,0
2026-07-01T01:09:37+08:00,VideoCall·Random Ver.,14,0
2026-07-01T01:09:47+08:00,[Photo Event] USPEER - 1,0,0
2026-07-01T01:09:47+08:00,OffLine,39,0
2026-07-01T01:09:47+08:00,VideoCall·Random Ver.,14,0
2026-07-01T01:09:58+08:00,[Photo Event] USPEER - 1,0,0
2026-07-01T01:09:58+08:00,OffLine,39,0
2026-07-01T01:09:58+08:00,VideoCall·Random Ver.,14,0
2026-07-01T01:10:09+08:00,[Photo Event] USPEER - 1,0,0
2026-07-01T01:10:09+08:00,OffLine,39,0
2026-07-01T01:10:09+08:00,VideoCall·Random Ver.,14,0
2026-07-01T01:10:20+08:00,[Photo Event] USPEER - 1,0,0
2026-07-01T01:10:20+08:00,OffLine,39,0
2026-07-01T01:10:20+08:00,VideoCall·Random Ver.,14,0
2026-07-01T01:10:31+08:00,[Photo Event] USPEER - 1,0,0
2026-07-01T01:10:31+08:00,OffLine,39,0
2026-07-01T01:10:31+08:00,VideoCall·Random Ver.,14,0
2026-07-01T01:10:50+08:00,[Photo Event] USPEER - 1,0,0
2026-07-01T01:10:50+08:00,OffLine,39,0
2026-07-01T01:10:50+08:00,VideoCall·Random Ver.,14,0
2026-07-01T01:11:00+08:00,[Photo Event] USPEER - 1,0,0
2026-07-01T01:11:00+08:00,OffLine,39,0
2026-07-01T01:11:00+08:00,VideoCall·Random Ver.,14,0
2026-07-01T01:11:12+08:00,[Photo Event] USPEER - 1,0,0
2026-07-01T01:11:12+08:00,OffLine,39,0
2026-07-01T01:11:12+08:00,VideoCall·Random Ver.,14,0
2026-07-01T01:11:22+08:00,[Photo Event] USPEER - 1,0,0
2026-07-01T01:11:22+08:00,OffLine,39,0
2026-07-01T01:11:22+08:00,VideoCall·Random Ver.,14,0
2026-07-01T01:11:33+08:00,[Photo Event] USPEER - 1,0,0
2026-07-01T01:11:33+08:00,OffLine,39,0
2026-07-01T01:11:33+08:00,VideoCall·Random Ver.,14,0
2026-07-01T01:11:43+08:00,[Photo Event] USPEER - 1,0,0
2026-07-01T01:11:43+08:00,OffLine,39,0
2026-07-01T01:11:43+08:00,VideoCall·Random Ver.,14,0
2026-07-01T01:12:01+08:00,[Photo Event] USPEER - 1,0,0
2026-07-01T01:12:01+08:00,OffLine,39,0
2026-07-01T01:12:01+08:00,VideoCall·Random Ver.,14,0
2026-07-01T01:12:13+08:00,[Photo Event] USPEER - 1,0,0
2026-07-01T01:12:13+08:00,OffLine,39,0
2026-07-01T01:12:13+08:00,VideoCall·Random Ver.,14,0
2026-07-01T01:12:24+08:00,[Photo Event] USPEER - 1,0,0
2026-07-01T01:12:24+08:00,OffLine,39,0
2026-07-01T01:12:24+08:00,VideoCall·Random Ver.,14,0
2026-07-01T01:12:34+08:00,[Photo Event] USPEER - 1,0,0
2026-07-01T01:12:34+08:00,OffLine,39,0
2026-07-01T01:12:34+08:00,VideoCall·Random Ver.,14,0
2026-07-01T01:12:45+08:00,[Photo Event] USPEER - 1,0,0
2026-07-01T01:12:45+08:00,OffLine,39,0
2026-07-01T01:12:45+08:00,VideoCall·Random Ver.,14,0
2026-07-01T01:12:55+08:00,[Photo Event] USPEER - 1,0,0
2026-07-01T01:12:55+08:00,OffLine,39,0
2026-07-01T01:12:55+08:00,VideoCall·Random Ver.,14,0
2026-07-01T01:13:14+08:00,[Photo Event] USPEER - 1,0,0
2026-07-01T01:13:14+08:00,OffLine,39,0
2026-07-01T01:13:14+08:00,VideoCall·Random Ver.,14,0
2026-07-01T01:13:25+08:00,[Photo Event] USPEER - 1,0,0
2026-07-01T01:13:25+08:00,OffLine,39,0
2026-07-01T01:13:25+08:00,VideoCall·Random Ver.,14,0
2026-07-01T01:13:35+08:00,[Photo Event] USPEER - 1,0,0
2026-07-01T01:13:35+08:00,OffLine,39,0
2026-07-01T01:13:35+08:00,VideoCall·Random Ver.,14,0
2026-07-01T01:13:46+08:00,[Photo Event] USPEER - 1,0,0
2026-07-01T01:13:46+08:00,OffLine,39,0
2026-07-01T01:13:46+08:00,VideoCall·Random Ver.,14,0
2026-07-01T01:13:56+08:00,[Photo Event] USPEER - 1,0,0
2026-07-01T01:13:56+08:00,OffLine,39,0
2026-07-01T01:13:56+08:00,VideoCall·Random Ver.,14,0
2026-07-01T01:14:07+08:00,[Photo Event] USPEER - 1,0,0
2026-07-01T01:14:07+08:00,OffLine,39,0
2026-07-01T01:14:07+08:00,VideoCall·Random Ver.,14,0
2026-07-01T01:14:26+08:00,[Photo Event] USPEER - 1,0,0
2026-07-01T01:14:26+08:00,OffLine,39,0
2026-07-01T01:14:26+08:00,VideoCall·Random Ver.,14,0
2026-07-01T01:14:36+08:00,[Photo Event] USPEER - 1,0,0
2026-07-01T01:14:36+08:00,OffLine,39,0
2026-07-01T01:14:36+08:00,VideoCall·Random Ver.,14,0
2026-07-01T01:14:46+08:00,[Photo Event] USPEER - 1,0,0
2026-07-01T01:14:46+08:00,OffLine,39,0
2026-07-01T01:14:46+08:00,VideoCall·Random Ver.,14,0
2026-07-01T01:14:57+08:00,[Photo Event] USPEER - 1,0,0
2026-07-01T01:14:57+08:00,OffLine,39,0
2026-07-01T01:14:57+08:00,VideoCall·Random Ver.,14,0
2026-07-01T01:15:08+08:00,[Photo Event] USPEER - 1,0,0
2026-07-01T01:15:08+08:00,OffLine,39,0
2026-07-01T01:15:08+08:00,VideoCall·Random Ver.,14,0
2026-07-01T01:15:18+08:00,[Photo Event] USPEER - 1,0,0
2026-07-01T01:15:18+08:00,OffLine,39,0
2026-07-01T01:15:18+08:00,VideoCall·Random Ver.,14,0
2026-07-01T01:15:38+08:00,[Photo Event] USPEER - 1,0,0
2026-07-01T01:15:38+08:00,OffLine,39,0
2026-07-01T01:15:38+08:00,VideoCall·Random Ver.,14,0
2026-07-01T01:15:49+08:00,[Photo Event] USPEER - 1,0,0
2026-07-01T01:15:49+08:00,OffLine,39,0
2026-07-01T01:15:49+08:00,VideoCall·Random Ver.,14,0
2026-07-01T01:15:59+08:00,[Photo Event] USPEER - 1,0,0
2026-07-01T01:15:59+08:00,OffLine,39,0
2026-07-01T01:15:59+08:00,VideoCall·Random Ver.,14,0
2026-07-01T01:16:10+08:00,[Photo Event] USPEER - 1,0,0
2026-07-01T01:16:10+08:00,OffLine,39,0
2026-07-01T01:16:10+08:00,VideoCall·Random Ver.,14,0
2026-07-01T01:16:21+08:00,[Photo Event] USPEER - 1,0,0
2026-07-01T01:16:21+08:00,OffLine,39,0
2026-07-01T01:16:21+08:00,VideoCall·Random Ver.,14,0
2026-07-01T01:16:31+08:00,[Photo Event] USPEER - 1,0,0
2026-07-01T01:16:31+08:00,OffLine,39,0
2026-07-01T01:16:31+08:00,VideoCall·Random Ver.,14,0
2026-07-01T01:16:50+08:00,[Photo Event] USPEER - 1,0,0
2026-07-01T01:16:50+08:00,OffLine,39,0
2026-07-01T01:16:50+08:00,VideoCall·Random Ver.,14,0
2026-07-01T01:17:01+08:00,[Photo Event] USPEER - 1,0,0
2026-07-01T01:17:01+08:00,OffLine,39,0
2026-07-01T01:17:01+08:00,VideoCall·Random Ver.,14,0
2026-07-01T01:17:11+08:00,[Photo Event] USPEER - 1,0,0
2026-07-01T01:17:11+08:00,OffLine,39,0
2026-07-01T01:17:11+08:00,VideoCall·Random Ver.,14,0
2026-07-01T01:17:22+08:00,[Photo Event] USPEER - 1,0,0
2026-07-01T01:17:22+08:00,OffLine,39,0
2026-07-01T01:17:22+08:00,VideoCall·Random Ver.,14,0
2026-07-01T01:17:32+08:00,[Photo Event] USPEER - 1,0,0
2026-07-01T01:17:32+08:00,OffLine,39,0
2026-07-01T01:17:32+08:00,VideoCall·Random Ver.,14,0
2026-07-01T01:17:43+08:00,[Photo Event] USPEER - 1,0,0
2026-07-01T01:17:43+08:00,OffLine,39,0
2026-07-01T01:17:43+08:00,VideoCall·Random Ver.,14,0
2026-07-01T02:08:27+08:00,[Photo Event] USPEER - 1,6,6
2026-07-01T02:08:27+08:00,OffLine,48,9
2026-07-01T02:08:27+08:00,VideoCall·Random Ver.,23,9
2026-07-01T02:08:39+08:00,[Photo Event] USPEER - 1,6,0
2026-07-01T02:08:39+08:00,OffLine,48,0
2026-07-01T02:08:39+08:00,VideoCall·Random Ver.,23,0
2026-07-01T02:08:50+08:00,[Photo Event] USPEER - 1,6,0
2026-07-01T02:08:50+08:00,OffLine,48,0
2026-07-01T02:08:50+08:00,VideoCall·Random Ver.,23,0
2026-07-01T02:09:01+08:00,[Photo Event] USPEER - 1,6,0
2026-07-01T02:09:01+08:00,OffLine,48,0
2026-07-01T02:09:01+08:00,VideoCall·Random Ver.,23,0
2026-07-01T02:09:13+08:00,[Photo Event] USPEER - 1,6,0
2026-07-01T02:09:13+08:00,OffLine,48,0
2026-07-01T02:09:13+08:00,VideoCall·Random Ver.,23,0
2026-07-01T02:09:23+08:00,[Photo Event] USPEER - 1,6,0
2026-07-01T02:09:23+08:00,OffLine,48,0
2026-07-01T02:09:23+08:00,VideoCall·Random Ver.,23,0
2026-07-01T02:09:34+08:00,[Photo Event] USPEER - 1,6,0
2026-07-01T02:09:34+08:00,OffLine,48,0
2026-07-01T02:09:34+08:00,VideoCall·Random Ver.,23,0
2026-07-01T02:09:56+08:00,[Photo Event] USPEER - 1,6,0
2026-07-01T02:09:56+08:00,OffLine,48,0
2026-07-01T02:09:56+08:00,VideoCall·Random Ver.,23,0
2026-07-01T02:10:06+08:00,[Photo Event] USPEER - 1,6,0
2026-07-01T02:10:06+08:00,OffLine,48,0
2026-07-01T02:10:06+08:00,VideoCall·Random Ver.,23,0
2026-07-01T02:10:17+08:00,[Photo Event] USPEER - 1,6,0
2026-07-01T02:10:17+08:00,OffLine,48,0
2026-07-01T02:10:17+08:00,VideoCall·Random Ver.,23,0
2026-07-01T02:10:28+08:00,[Photo Event] USPEER - 1,6,0
2026-07-01T02:10:28+08:00,OffLine,48,0
2026-07-01T02:10:28+08:00,VideoCall·Random Ver.,23,0
2026-07-01T02:10:40+08:00,[Photo Event] USPEER - 1,6,0
2026-07-01T02:10:40+08:00,OffLine,48,0
2026-07-01T02:10:40+08:00,VideoCall·Random Ver.,23,0
2026-07-01T02:10:51+08:00,[Photo Event] USPEER - 1,6,0
2026-07-01T02:10:51+08:00,OffLine,48,0
2026-07-01T02:10:51+08:00,VideoCall·Random Ver.,23,0
2026-07-01T02:11:13+08:00,[Photo Event] USPEER - 1,6,0
2026-07-01T02:11:13+08:00,OffLine,48,0
2026-07-01T02:11:13+08:00,VideoCall·Random Ver.,23,0
2026-07-01T02:11:24+08:00,[Photo Event] USPEER - 1,6,0
2026-07-01T02:11:24+08:00,OffLine,48,0
2026-07-01T02:11:24+08:00,VideoCall·Random Ver.,23,0
2026-07-01T02:11:35+08:00,[Photo Event] USPEER - 1,6,0
2026-07-01T02:11:35+08:00,OffLine,48,0
2026-07-01T02:11:35+08:00,VideoCall·Random Ver.,23,0
2026-07-01T02:11:46+08:00,[Photo Event] USPEER - 1,6,0
2026-07-01T02:11:46+08:00,OffLine,48,0
2026-07-01T02:11:46+08:00,VideoCall·Random Ver.,23,0
2026-07-01T02:11:57+08:00,[Photo Event] USPEER - 1,6,0
2026-07-01T02:11:57+08:00,OffLine,48,0
2026-07-01T02:11:57+08:00,VideoCall·Random Ver.,23,0
2026-07-01T02:12:09+08:00,[Photo Event] USPEER - 1,6,0
2026-07-01T02:12:09+08:00,OffLine,48,0
2026-07-01T02:12:09+08:00,VideoCall·Random Ver.,23,0
2026-07-01T02:12:29+08:00,[Photo Event] USPEER - 1,6,0
2026-07-01T02:12:29+08:00,OffLine,48,0
2026-07-01T02:12:29+08:00,VideoCall·Random Ver.,23,0
2026-07-01T02:12:40+08:00,[Photo Event] USPEER - 1,6,0
2026-07-01T02:12:40+08:00,OffLine,48,0
2026-07-01T02:12:40+08:00,VideoCall·Random Ver.,23,0
2026-07-01T02:12:51+08:00,[Photo Event] USPEER - 1,6,0
2026-07-01T02:12:51+08:00,OffLine,48,0
2026-07-01T02:12:51+08:00,VideoCall·Random Ver.,23,0
2026-07-01T02:13:03+08:00,[Photo Event] USPEER - 1,6,0
2026-07-01T02:13:03+08:00,OffLine,48,0
2026-07-01T02:13:03+08:00,VideoCall·Random Ver.,23,0
2026-07-01T02:13:14+08:00,[Photo Event] USPEER - 1,6,0
2026-07-01T02:13:14+08:00,OffLine,48,0
2026-07-01T02:13:14+08:00,VideoCall·Random Ver.,23,0
2026-07-01T02:13:25+08:00,[Photo Event] USPEER - 1,6,0
2026-07-01T02:13:25+08:00,OffLine,48,0
2026-07-01T02:13:25+08:00,VideoCall·Random Ver.,23,0
2026-07-01T02:13:47+08:00,[Photo Event] USPEER - 1,6,0
2026-07-01T02:13:47+08:00,OffLine,48,0
2026-07-01T02:13:47+08:00,VideoCall·Random Ver.,23,0
2026-07-01T02:13:59+08:00,[Photo Event] USPEER - 1,6,0
2026-07-01T02:13:59+08:00,OffLine,48,0
2026-07-01T02:13:59+08:00,VideoCall·Random Ver.,23,0
2026-07-01T02:14:10+08:00,[Photo Event] USPEER - 1,6,0
2026-07-01T02:14:10+08:00,OffLine,48,0
2026-07-01T02:14:10+08:00,VideoCall·Random Ver.,23,0
2026-07-01T02:14:21+08:00,[Photo Event] USPEER - 1,6,0
2026-07-01T02:14:21+08:00,OffLine,48,0
2026-07-01T02:14:21+08:00,VideoCall·Random Ver.,23,0
2026-07-01T02:14:32+08:00,[Photo Event] USPEER - 1,6,0
2026-07-01T02:14:32+08:00,OffLine,48,0
2026-07-01T02:14:32+08:00,VideoCall·Random Ver.,23,0
2026-07-01T02:14:44+08:00,[Photo Event] USPEER - 1,6,0
2026-07-01T02:14:44+08:00,OffLine,48,0
2026-07-01T02:14:44+08:00,VideoCall·Random Ver.,23,0
2026-07-01T02:15:06+08:00,[Photo Event] USPEER - 1,6,0
2026-07-01T02:15:06+08:00,OffLine,48,0
2026-07-01T02:15:06+08:00,VideoCall·Random Ver.,23,0
2026-07-01T02:15:17+08:00,[Photo Event] USPEER - 1,6,0
2026-07-01T02:15:17+08:00,OffLine,48,0
2026-07-01T02:15:17+08:00,VideoCall·Random Ver.,23,0
2026-07-01T02:15:28+08:00,[Photo Event] USPEER - 1,6,0
2026-07-01T02:15:28+08:00,OffLine,48,0
2026-07-01T02:15:28+08:00,VideoCall·Random Ver.,23,0
2026-07-01T02:15:40+08:00,[Photo Event] USPEER - 1,6,0
2026-07-01T02:15:40+08:00,OffLine,48,0
2026-07-01T02:15:40+08:00,VideoCall·Random Ver.,23,0
2026-07-01T02:15:51+08:00,[Photo Event] USPEER - 1,6,0
2026-07-01T02:15:51+08:00,OffLine,48,0
2026-07-01T02:15:51+08:00,VideoCall·Random Ver.,23,0
2026-07-01T02:16:02+08:00,[Photo Event] USPEER - 1,6,0
2026-07-01T02:16:02+08:00,OffLine,48,0
2026-07-01T02:16:02+08:00,VideoCall·Random Ver.,23,0
2026-07-01T02:16:24+08:00,[Photo Event] USPEER - 1,6,0
2026-07-01T02:16:24+08:00,OffLine,48,0
2026-07-01T02:16:24+08:00,VideoCall·Random Ver.,23,0
2026-07-01T02:16:35+08:00,[Photo Event] USPEER - 1,6,0
2026-07-01T02:16:35+08:00,OffLine,48,0
2026-07-01T02:16:35+08:00,VideoCall·Random Ver.,23,0
2026-07-01T02:16:47+08:00,[Photo Event] USPEER - 1,6,0
2026-07-01T02:16:47+08:00,OffLine,48,0
2026-07-01T02:16:47+08:00,VideoCall·Random Ver.,23,0
2026-07-01T02:16:58+08:00,[Photo Event] USPEER - 1,6,0
2026-07-01T02:16:58+08:00,OffLine,48,0
2026-07-01T02:16:58+08:00,VideoCall·Random Ver.,23,0
2026-07-01T02:17:09+08:00,[Photo Event] USPEER - 1,6,0
2026-07-01T02:17:09+08:00,OffLine,48,0
2026-07-01T02:17:09+08:00,VideoCall·Random Ver.,23,0
2026-07-01T02:17:20+08:00,[Photo Event] USPEER - 1,6,0
2026-07-01T02:17:20+08:00,OffLine,48,0
2026-07-01T02:17:20+08:00,VideoCall·Random Ver.,23,0
2026-07-01T02:17:41+08:00,[Photo Event] USPEER - 1,6,0
2026-07-01T02:17:41+08:00,OffLine,48,0
2026-07-01T02:17:41+08:00,VideoCall·Random Ver.,23,0
2026-07-01T02:17:52+08:00,[Photo Event] USPEER - 1,6,0
2026-07-01T02:17:52+08:00,OffLine,48,0
2026-07-01T02:17:52+08:00,VideoCall·Random Ver.,23,0
2026-07-01T02:18:04+08:00,[Photo Event] USPEER - 1,6,0
2026-07-01T02:18:04+08:00,OffLine,48,0
2026-07-01T02:18:04+08:00,VideoCall·Random Ver.,23,0
2026-07-01T02:18:15+08:00,[Photo Event] USPEER - 1,6,0
2026-07-01T02:18:15+08:00,OffLine,48,0
2026-07-01T02:18:15+08:00,VideoCall·Random Ver.,23,0
2026-07-01T02:18:25+08:00,[Photo Event] USPEER - 1,6,0
2026-07-01T02:18:25+08:00,OffLine,48,0
2026-07-01T02:18:25+08:00,VideoCall·Random Ver.,23,0
2026-07-01T02:18:36+08:00,[Photo Event] USPEER - 1,6,0
2026-07-01T02:18:36+08:00,OffLine,48,0
2026-07-01T02:18:36+08:00,VideoCall·Random Ver.,23,0
2026-07-01T02:18:59+08:00,[Photo Event] USPEER - 1,6,0
2026-07-01T02:18:59+08:00,OffLine,48,0
2026-07-01T02:18:59+08:00,VideoCall·Random Ver.,23,0
2026-07-01T02:19:10+08:00,[Photo Event] USPEER - 1,6,0
2026-07-01T02:19:10+08:00,OffLine,48,0
2026-07-01T02:19:10+08:00,VideoCall·Random Ver.,23,0
2026-07-01T02:19:21+08:00,[Photo Event] USPEER - 1,6,0
2026-07-01T02:19:21+08:00,OffLine,48,0
2026-07-01T02:19:21+08:00,VideoCall·Random Ver.,23,0
2026-07-01T02:19:32+08:00,[Photo Event] USPEER - 1,6,0
2026-07-01T02:19:32+08:00,OffLine,48,0
2026-07-01T02:19:32+08:00,VideoCall·Random Ver.,23,0
2026-07-01T02:19:44+08:00,[Photo Event] USPEER - 1,6,0
2026-07-01T02:19:44+08:00,OffLine,48,0
2026-07-01T02:19:44+08:00,VideoCall·Random Ver.,23,0
2026-07-01T02:19:55+08:00,[Photo Event] USPEER - 1,6,0
2026-07-01T02:19:55+08:00,OffLine,48,0
2026-07-01T02:19:55+08:00,VideoCall·Random Ver.,23,0
2026-07-01T02:20:16+08:00,[Photo Event] USPEER - 1,6,0
2026-07-01T02:20:16+08:00,OffLine,48,0
2026-07-01T02:20:16+08:00,VideoCall·Random Ver.,23,0
2026-07-01T02:20:28+08:00,[Photo Event] USPEER - 1,6,0
2026-07-01T02:20:28+08:00,OffLine,48,0
2026-07-01T02:20:28+08:00,VideoCall·Random Ver.,23,0
2026-07-01T02:20:41+08:00,[Photo Event] USPEER - 1,6,0
2026-07-01T02:20:41+08:00,OffLine,48,0
2026-07-01T02:20:41+08:00,VideoCall·Random Ver.,23,0
2026-07-01T02:20:52+08:00,[Photo Event] USPEER - 1,6,0
2026-07-01T02:20:52+08:00,OffLine,48,0
2026-07-01T02:20:52+08:00,VideoCall·Random Ver.,23,0
2026-07-01T02:21:04+08:00,[Photo Event] USPEER - 1,6,0
2026-07-01T02:21:04+08:00,OffLine,48,0
2026-07-01T02:21:04+08:00,VideoCall·Random Ver.,23,0
2026-07-01T02:21:24+08:00,[Photo Event] USPEER - 1,6,0
2026-07-01T02:21:24+08:00,OffLine,48,0
2026-07-01T02:21:24+08:00,VideoCall·Random Ver.,23,0
2026-07-01T02:21:36+08:00,[Photo Event] USPEER - 1,6,0
2026-07-01T02:21:36+08:00,OffLine,48,0
2026-07-01T02:21:36+08:00,VideoCall·Random Ver.,23,0
2026-07-01T02:21:47+08:00,[Photo Event] USPEER - 1,6,0
2026-07-01T02:21:47+08:00,OffLine,48,0
2026-07-01T02:21:47+08:00,VideoCall·Random Ver.,23,0
2026-07-01T02:21:58+08:00,[Photo Event] USPEER - 1,6,0
2026-07-01T02:21:58+08:00,OffLine,48,0
2026-07-01T02:21:58+08:00,VideoCall·Random Ver.,23,0
2026-07-01T02:22:09+08:00,[Photo Event] USPEER - 1,6,0
2026-07-01T02:22:09+08:00,OffLine,48,0
2026-07-01T02:22:09+08:00,VideoCall·Random Ver.,23,0
2026-07-01T02:22:20+08:00,[Photo Event] USPEER - 1,6,0
2026-07-01T02:22:20+08:00,OffLine,48,0
2026-07-01T02:22:20+08:00,VideoCall·Random Ver.,23,0
2026-07-01T02:22:43+08:00,[Photo Event] USPEER - 1,6,0
2026-07-01T02:22:43+08:00,OffLine,48,0
2026-07-01T02:22:43+08:00,VideoCall·Random Ver.,23,0
2026-07-01T02:22:53+08:00,[Photo Event] USPEER - 1,6,0
2026-07-01T02:22:53+08:00,OffLine,48,0
2026-07-01T02:22:53+08:00,VideoCall·Random Ver.,23,0
2026-07-01T02:23:05+08:00,[Photo Event] USPEER - 1,6,0
2026-07-01T02:23:05+08:00,OffLine,48,0
2026-07-01T02:23:05+08:00,VideoCall·Random Ver.,23,0
2026-07-01T02:23:16+08:00,[Photo Event] USPEER - 1,6,0
2026-07-01T02:23:16+08:00,OffLine,48,0
2026-07-01T02:23:16+08:00,VideoCall·Random Ver.,23,0
2026-07-01T02:23:27+08:00,[Photo Event] USPEER - 1,6,0
2026-07-01T02:23:27+08:00,OffLine,48,0
2026-07-01T02:23:27+08:00,VideoCall·Random Ver.,23,0
2026-07-01T02:23:38+08:00,[Photo Event] USPEER - 1,6,0
2026-07-01T02:23:38+08:00,OffLine,48,0
2026-07-01T02:23:38+08:00,VideoCall·Random Ver.,23,0
2026-07-01T02:24:00+08:00,[Photo Event] USPEER - 1,6,0
2026-07-01T02:24:00+08:00,OffLine,48,0
2026-07-01T02:24:00+08:00,VideoCall·Random Ver.,23,0
2026-07-01T02:24:11+08:00,[Photo Event] USPEER - 1,6,0
2026-07-01T02:24:11+08:00,OffLine,48,0
2026-07-01T02:24:11+08:00,VideoCall·Random Ver.,23,0
2026-07-01T02:24:23+08:00,[Photo Event] USPEER - 1,6,0
2026-07-01T02:24:23+08:00,OffLine,48,0
2026-07-01T02:24:23+08:00,VideoCall·Random Ver.,23,0
2026-07-01T02:24:34+08:00,[Photo Event] USPEER - 1,6,0
2026-07-01T02:24:34+08:00,OffLine,48,0
2026-07-01T02:24:34+08:00,VideoCall·Random Ver.,23,0
2026-07-01T02:24:46+08:00,[Photo Event] USPEER - 1,6,0
2026-07-01T02:24:46+08:00,OffLine,48,0
2026-07-01T02:24:46+08:00,VideoCall·Random Ver.,23,0
2026-07-01T02:24:57+08:00,[Photo Event] USPEER - 1,6,0
2026-07-01T02:24:57+08:00,OffLine,48,0
2026-07-01T02:24:57+08:00,VideoCall·Random Ver.,23,0
2026-07-01T02:25:19+08:00,[Photo Event] USPEER - 1,6,0
2026-07-01T02:25:19+08:00,OffLine,48,0
2026-07-01T02:25:19+08:00,VideoCall·Random Ver.,23,0
2026-07-01T02:25:30+08:00,[Photo Event] USPEER - 1,6,0
2026-07-01T02:25:30+08:00,OffLine,48,0
2026-07-01T02:25:30+08:00,VideoCall·Random Ver.,23,0
2026-07-01T02:25:41+08:00,[Photo Event] USPEER - 1,6,0
2026-07-01T02:25:41+08:00,OffLine,48,0
2026-07-01T02:25:41+08:00,VideoCall·Random Ver.,23,0
2026-07-01T02:25:52+08:00,[Photo Event] USPEER - 1,6,0
2026-07-01T02:25:52+08:00,OffLine,48,0
2026-07-01T02:25:52+08:00,VideoCall·Random Ver.,23,0
2026-07-01T02:26:04+08:00,[Photo Event] USPEER - 1,6,0
2026-07-01T02:26:04+08:00,OffLine,48,0
2026-07-01T02:26:04+08:00,VideoCall·Random Ver.,23,0
2026-07-01T02:26:15+08:00,[Photo Event] USPEER - 1,6,0
2026-07-01T02:26:15+08:00,OffLine,48,0
2026-07-01T02:26:15+08:00,VideoCall·Random Ver.,23,0
2026-07-01T02:26:37+08:00,[Photo Event] USPEER - 1,6,0
2026-07-01T02:26:37+08:00,OffLine,48,0
2026-07-01T02:26:37+08:00,VideoCall·Random Ver.,23,0
2026-07-01T02:26:48+08:00,[Photo Event] USPEER - 1,6,0
2026-07-01T02:26:48+08:00,OffLine,48,0
2026-07-01T02:26:48+08:00,VideoCall·Random Ver.,23,0
2026-07-01T02:26:59+08:00,[Photo Event] USPEER - 1,6,0
2026-07-01T02:26:59+08:00,OffLine,48,0
2026-07-01T02:26:59+08:00,VideoCall·Random Ver.,23,0
2026-07-01T02:27:10+08:00,[Photo Event] USPEER - 1,6,0
2026-07-01T02:27:10+08:00,OffLine,48,0
2026-07-01T02:27:10+08:00,VideoCall·Random Ver.,23,0
2026-07-01T02:27:21+08:00,[Photo Event] USPEER - 1,6,0
2026-07-01T02:27:21+08:00,OffLine,48,0
2026-07-01T02:27:21+08:00,VideoCall·Random Ver.,23,0
2026-07-01T02:27:32+08:00,[Photo Event] USPEER - 1,6,0
2026-07-01T02:27:32+08:00,OffLine,48,0
2026-07-01T02:27:32+08:00,VideoCall·Random Ver.,23,0
2026-07-01T02:27:53+08:00,[Photo Event] USPEER - 1,6,0
2026-07-01T02:27:53+08:00,OffLine,48,0
2026-07-01T02:27:53+08:00,VideoCall·Random Ver.,23,0
2026-07-01T02:28:04+08:00,[Photo Event] USPEER - 1,6,0
2026-07-01T02:28:04+08:00,OffLine,48,0
2026-07-01T02:28:04+08:00,VideoCall·Random Ver.,23,0
2026-07-01T02:28:15+08:00,[Photo Event] USPEER - 1,6,0
2026-07-01T02:28:15+08:00,OffLine,48,0
2026-07-01T02:28:15+08:00,VideoCall·Random Ver.,23,0
2026-07-01T02:28:26+08:00,[Photo Event] USPEER - 1,6,0
2026-07-01T02:28:26+08:00,OffLine,48,0
2026-07-01T02:28:26+08:00,VideoCall·Random Ver.,23,0
2026-07-01T02:28:37+08:00,[Photo Event] USPEER - 1,6,0
2026-07-01T02:28:37+08:00,OffLine,48,0
2026-07-01T02:28:37+08:00,VideoCall·Random Ver.,23,0
2026-07-01T02:28:49+08:00,[Photo Event] USPEER - 1,6,0
2026-07-01T02:28:49+08:00,OffLine,48,0
2026-07-01T02:28:49+08:00,VideoCall·Random Ver.,23,0
2026-07-01T02:29:11+08:00,[Photo Event] USPEER - 1,6,0
2026-07-01T02:29:11+08:00,OffLine,48,0
2026-07-01T02:29:11+08:00,VideoCall·Random Ver.,23,0
2026-07-01T02:29:22+08:00,[Photo Event] USPEER - 1,6,0
2026-07-01T02:29:22+08:00,OffLine,48,0
2026-07-01T02:29:22+08:00,VideoCall·Random Ver.,23,0
2026-07-01T02:29:33+08:00,[Photo Event] USPEER - 1,6,0
2026-07-01T02:29:33+08:00,OffLine,48,0
2026-07-01T02:29:33+08:00,VideoCall·Random Ver.,23,0
2026-07-01T02:29:44+08:00,[Photo Event] USPEER - 1,6,0
2026-07-01T02:29:44+08:00,OffLine,48,0
2026-07-01T02:29:44+08:00,VideoCall·Random Ver.,23,0
2026-07-01T02:29:56+08:00,[Photo Event] USPEER - 1,6,0
2026-07-01T02:29:56+08:00,OffLine,48,0
2026-07-01T02:29:56+08:00,VideoCall·Random Ver.,23,0
2026-07-01T02:30:07+08:00,[Photo Event] USPEER - 1,6,0
2026-07-01T02:30:07+08:00,OffLine,48,0
2026-07-01T02:30:07+08:00,VideoCall·Random Ver.,23,0
